SAL_ID,Store_ID,SAL_Date,Previous_SAL_Date,Baseline_Timestamp,Generation_Timestamp,Confirmation_Timestamp,Generated_Minutes,Final_Minutes,Confirmed,Created_By,Minutes_JSON,Snapshot_JSON
SAL-AMS-20260907,AMS,2026-09-07,,,2026-09-07T11:26:00.000Z,2026-09-07T11:30:00.000Z,"AMSTERDAM AIRPORT
Opening Store: 05 Mar 2027
Last SAL: — (first SAL baseline)
Current SAL: 07 Sep 2026
Overall completion: 22% · Days to opening: 179
First SAL — current-state recap (new baseline)

1. CORPORATE / LEGAL
• Local VAT and EORI registration check: due 13 Sep; 50% complete → In Progress | Owner: Roberto Villa
• Change of local company representative / authorized signatory: due 03 Oct; 20% complete → In Progress | Owner: Marco Ferri
• Power of attorney for Store Manager (local operations): due 27 Nov → Not Started | Owner: Marco Ferri

2. CONTRACT
• Landlord fit-out guidelines sign-off: due 16 Sep; 60% complete → In Progress | Owner: Alessandro Riva
• Concession contract review and signature – Schiphol: due 30 Sep; 50% complete → In Progress | Owner: Giulia Rinaldi
• Assess impact of contract signature on recruiting and construction permit: due 05 Oct → Not Started | Owner: Giulia Rinaldi

3. IT
• IT project kick-off with Schiphol IT → Completed | Owner: Luca Bernardi
• Airport IT integration requirements (network security, VLAN, firewall): due 24 Sep; 20% complete → In Progress | Owner: Luca Bernardi

SAP
• Store master data set-up in SAP (plant, storage locations): due 14 Sep; 80% complete → In Progress | Owner: Andrea Colombo
• Set-up and testing of flows (sales, replenishment, returns): due 18 Oct → Not Started | Owner: Andrea Colombo
• Duty-free pricing conditions and tax codes in SAP: due 07 Nov → Not Started | Owner: Andrea Colombo

ERP
• Handling company meeting to clarify customs and transport flows: due 23 Sep → Not Started | Owner: Andrea Colombo
• Bonded-stock flow configuration (airside): due 02 Nov → Not Started | Owner: Andrea Colombo

POS
• Payment terminals (PSP) contract for the Netherlands: due 22 Sep; 20% complete → In Progress | Owner: Francesca Moretti
• POS integration with airport systems (sales reporting to Schiphol): due 28 Oct; 10% complete → In Progress | Owner: Francesca Moretti
• Boarding-pass scanning integration: due 12 Dec → Not Started | Owner: Francesca Moretti

IT Hardware
• Hardware purchase (POS, back-office PCs, printers): blocked – Awaiting budget release for hardware PO; due 23 Oct; 10% complete → On Hold | Owner: Stefano Galli
• Check additional documentation required for hardware shipment: due 01 Oct; 20% complete → In Progress | Owner: Stefano Galli

CRM
• Salesforce users for store team: due 08 Oct → Not Started | Owner: Chiara De Luca
• Customer journey set-up (travel retail): due 17 Nov → On Hold | Owner: Chiara De Luca

Connectivity
• Internet line activation: due 23 Oct; 10% complete → In Progress | Owner: Stefano Galli
• In-store network and Wi-Fi design: due 07 Dec → Not Started | Owner: Stefano Galli

Telephony
• Order Apple devices for store team: due 12 Nov → On Hold | Owner: Stefano Galli
• SIM activation coordinated with Store Manager: due 06 Jan → Not Started | Owner: Stefano Galli

4. FINANCE & ADMINISTRATION
• Store budget and capex approval → Completed | Owner: Paolo Marchetti
• Local bank account and cash-in-transit service: due 25 Sep; 70% complete → In Progress | Owner: Paolo Marchetti
• Identify local auditors for statutory requirements: due 26 Sep; 20% complete → In Progress | Owner: Paolo Marchetti

5. LOGISTICS & CUSTOMS
• Handling company discussion on customs and merchandise flow: due 06 Oct; 20% complete → In Progress | Owner: Elena Conti
• Customs warehouse (bonded) authorization: due 07 Nov; 10% complete → In Progress | Owner: Elena Conti
• First merchandise shipment planning: due 26 Jan → Not Started | Owner: Elena Conti

6. COMPLIANCE & LABELLING
• Meeting with airport representatives on compliance and labelling: due 25 Sep → Not Started | Owner: Davide Fontana
• Product labelling requirements check (NL/EN): due 17 Nov → Not Started | Owner: Davide Fontana

7. HR
• Define store organization chart → Completed | Owner: Nicoletta Bisaro
• Recruiting store team (Store Manager + 8 Sales Associates): due 20 Sep; 20% complete → In Progress | Owner: Nicoletta Bisaro
• Country blacklist verification for candidates: due 04 Oct; 20% complete → In Progress | Owner: Nicoletta Bisaro
• Job offers to selected candidates: due 10 Oct → On Hold | Owner: Nicoletta Bisaro
• Airport access passes for store staff: due 07 Nov → Not Started | Owner: Nicoletta Bisaro
• Training plan and onboarding at Milan HQ: due 16 Jan → Not Started | Owner: Nicoletta Bisaro

8. STORE PLANNING
• Store design final approval → Completed | Owner: Alessandro Riva
• Construction permit submission to Schiphol: due 02 Oct; 40% complete → In Progress | Owner: Alessandro Riva
• Contractor access pass process: due 12 Oct; 30% complete → In Progress | Owner: Alessandro Riva
• Construction start on site: due 06 Jan → Not Started | Owner: Alessandro Riva
• Furniture production and delivery: due 05 Feb → Not Started | Owner: Alessandro Riva

9. INDIRECT MATERIALS
• Store consumables list: due 19 Sep; 50% complete → In Progress | Owner: Sara Lombardi
• Indirect materials orders (packaging, shopping bags, consumables): due 10 Oct; 20% complete → In Progress | Owner: Sara Lombardi

10. ALLOCATION & REPLENISHMENT
• Travel products and assortment coordination: due 28 Oct; 20% complete → In Progress | Owner: Matteo Greco
• Opening allocation plan: due 16 Jan → Not Started | Owner: Matteo Greco

11. GENERAL SERVICES
• Cleaning and maintenance supplier discussions: due 18 Oct; 20% complete → In Progress | Owner: Valentina Costa
• Security and alarm service: due 17 Dec → Not Started | Owner: Valentina Costa

12. RETAIL
• Travel concept definition: due 13 Oct; 30% complete → In Progress | Owner: Martina Ricci
• Store Manager onboarding and opening plan: due 05 Feb → Not Started | Owner: Federico Mancini
• Opening event and PR activation: due 25 Feb → Not Started | Owner: Martina Ricci

NEXT STEPS / OPEN POINTS
• Local VAT and EORI registration check | Owner: Roberto Villa | Due Date: 13 Sep 2026
• Store master data set-up in SAP (plant, storage locations) | Owner: Andrea Colombo | Due Date: 14 Sep 2026
• Landlord fit-out guidelines sign-off | Owner: Alessandro Riva | Due Date: 16 Sep 2026
• Store consumables list | Owner: Sara Lombardi | Due Date: 19 Sep 2026
• Recruiting store team (Store Manager + 8 Sales Associates) | Owner: Nicoletta Bisaro | Due Date: 20 Sep 2026
• Payment terminals (PSP) contract for the Netherlands | Owner: Francesca Moretti | Due Date: 22 Sep 2026
• Handling company meeting to clarify customs and transport flows | Owner: Andrea Colombo | Due Date: 23 Sep 2026
• Airport IT integration requirements (network security, VLAN, firewall) | Owner: Luca Bernardi | Due Date: 24 Sep 2026
• Local bank account and cash-in-transit service | Owner: Paolo Marchetti | Due Date: 25 Sep 2026
• Meeting with airport representatives on compliance and labelling | Owner: Davide Fontana | Due Date: 25 Sep 2026
• Identify local auditors for statutory requirements | Owner: Paolo Marchetti | Due Date: 26 Sep 2026

BLOCKERS / DECISIONS REQUIRED
• BLOCKER – Hardware purchase (POS, back-office PCs, printers): Awaiting budget release for hardware PO | Owner: Stefano Galli","AMSTERDAM AIRPORT
Opening Store: 05 Mar 2027
Last SAL: — (first SAL baseline)
Current SAL: 07 Sep 2026
Overall completion: 22% · Days to opening: 179
First SAL — current-state recap (new baseline)

1. CORPORATE / LEGAL
• Local VAT and EORI registration check: due 13 Sep; 50% complete → In Progress | Owner: Roberto Villa
• Change of local company representative / authorized signatory: due 03 Oct; 20% complete → In Progress | Owner: Marco Ferri
• Power of attorney for Store Manager (local operations): due 27 Nov → Not Started | Owner: Marco Ferri

2. CONTRACT
• Landlord fit-out guidelines sign-off: due 16 Sep; 60% complete → In Progress | Owner: Alessandro Riva
• Concession contract review and signature – Schiphol: due 30 Sep; 50% complete → In Progress | Owner: Giulia Rinaldi
• Assess impact of contract signature on recruiting and construction permit: due 05 Oct → Not Started | Owner: Giulia Rinaldi

3. IT
• IT project kick-off with Schiphol IT → Completed | Owner: Luca Bernardi
• Airport IT integration requirements (network security, VLAN, firewall): due 24 Sep; 20% complete → In Progress | Owner: Luca Bernardi

SAP
• Store master data set-up in SAP (plant, storage locations): due 14 Sep; 80% complete → In Progress | Owner: Andrea Colombo
• Set-up and testing of flows (sales, replenishment, returns): due 18 Oct → Not Started | Owner: Andrea Colombo
• Duty-free pricing conditions and tax codes in SAP: due 07 Nov → Not Started | Owner: Andrea Colombo

ERP
• Handling company meeting to clarify customs and transport flows: due 23 Sep → Not Started | Owner: Andrea Colombo
• Bonded-stock flow configuration (airside): due 02 Nov → Not Started | Owner: Andrea Colombo

POS
• Payment terminals (PSP) contract for the Netherlands: due 22 Sep; 20% complete → In Progress | Owner: Francesca Moretti
• POS integration with airport systems (sales reporting to Schiphol): due 28 Oct; 10% complete → In Progress | Owner: Francesca Moretti
• Boarding-pass scanning integration: due 12 Dec → Not Started | Owner: Francesca Moretti

IT Hardware
• Hardware purchase (POS, back-office PCs, printers): blocked – Awaiting budget release for hardware PO; due 23 Oct; 10% complete → On Hold | Owner: Stefano Galli
• Check additional documentation required for hardware shipment: due 01 Oct; 20% complete → In Progress | Owner: Stefano Galli

CRM
• Salesforce users for store team: due 08 Oct → Not Started | Owner: Chiara De Luca
• Customer journey set-up (travel retail): due 17 Nov → On Hold | Owner: Chiara De Luca

Connectivity
• Internet line activation: due 23 Oct; 10% complete → In Progress | Owner: Stefano Galli
• In-store network and Wi-Fi design: due 07 Dec → Not Started | Owner: Stefano Galli

Telephony
• Order Apple devices for store team: due 12 Nov → On Hold | Owner: Stefano Galli
• SIM activation coordinated with Store Manager: due 06 Jan → Not Started | Owner: Stefano Galli

4. FINANCE & ADMINISTRATION
• Store budget and capex approval → Completed | Owner: Paolo Marchetti
• Local bank account and cash-in-transit service: due 25 Sep; 70% complete → In Progress | Owner: Paolo Marchetti
• Identify local auditors for statutory requirements: due 26 Sep; 20% complete → In Progress | Owner: Paolo Marchetti

5. LOGISTICS & CUSTOMS
• Handling company discussion on customs and merchandise flow: due 06 Oct; 20% complete → In Progress | Owner: Elena Conti
• Customs warehouse (bonded) authorization: due 07 Nov; 10% complete → In Progress | Owner: Elena Conti
• First merchandise shipment planning: due 26 Jan → Not Started | Owner: Elena Conti

6. COMPLIANCE & LABELLING
• Meeting with airport representatives on compliance and labelling: due 25 Sep → Not Started | Owner: Davide Fontana
• Product labelling requirements check (NL/EN): due 17 Nov → Not Started | Owner: Davide Fontana

7. HR
• Define store organization chart → Completed | Owner: Nicoletta Bisaro
• Recruiting store team (Store Manager + 8 Sales Associates): due 20 Sep; 20% complete → In Progress | Owner: Nicoletta Bisaro
• Country blacklist verification for candidates: due 04 Oct; 20% complete → In Progress | Owner: Nicoletta Bisaro
• Job offers to selected candidates: due 10 Oct → On Hold | Owner: Nicoletta Bisaro
• Airport access passes for store staff: due 07 Nov → Not Started | Owner: Nicoletta Bisaro
• Training plan and onboarding at Milan HQ: due 16 Jan → Not Started | Owner: Nicoletta Bisaro

8. STORE PLANNING
• Store design final approval → Completed | Owner: Alessandro Riva
• Construction permit submission to Schiphol: due 02 Oct; 40% complete → In Progress | Owner: Alessandro Riva
• Contractor access pass process: due 12 Oct; 30% complete → In Progress | Owner: Alessandro Riva
• Construction start on site: due 06 Jan → Not Started | Owner: Alessandro Riva
• Furniture production and delivery: due 05 Feb → Not Started | Owner: Alessandro Riva

9. INDIRECT MATERIALS
• Store consumables list: due 19 Sep; 50% complete → In Progress | Owner: Sara Lombardi
• Indirect materials orders (packaging, shopping bags, consumables): due 10 Oct; 20% complete → In Progress | Owner: Sara Lombardi

10. ALLOCATION & REPLENISHMENT
• Travel products and assortment coordination: due 28 Oct; 20% complete → In Progress | Owner: Matteo Greco
• Opening allocation plan: due 16 Jan → Not Started | Owner: Matteo Greco

11. GENERAL SERVICES
• Cleaning and maintenance supplier discussions: due 18 Oct; 20% complete → In Progress | Owner: Valentina Costa
• Security and alarm service: due 17 Dec → Not Started | Owner: Valentina Costa

12. RETAIL
• Travel concept definition: due 13 Oct; 30% complete → In Progress | Owner: Martina Ricci
• Store Manager onboarding and opening plan: due 05 Feb → Not Started | Owner: Federico Mancini
• Opening event and PR activation: due 25 Feb → Not Started | Owner: Martina Ricci

NEXT STEPS / OPEN POINTS
• Local VAT and EORI registration check | Owner: Roberto Villa | Due Date: 13 Sep 2026
• Store master data set-up in SAP (plant, storage locations) | Owner: Andrea Colombo | Due Date: 14 Sep 2026
• Landlord fit-out guidelines sign-off | Owner: Alessandro Riva | Due Date: 16 Sep 2026
• Store consumables list | Owner: Sara Lombardi | Due Date: 19 Sep 2026
• Recruiting store team (Store Manager + 8 Sales Associates) | Owner: Nicoletta Bisaro | Due Date: 20 Sep 2026
• Payment terminals (PSP) contract for the Netherlands | Owner: Francesca Moretti | Due Date: 22 Sep 2026
• Handling company meeting to clarify customs and transport flows | Owner: Andrea Colombo | Due Date: 23 Sep 2026
• Airport IT integration requirements (network security, VLAN, firewall) | Owner: Luca Bernardi | Due Date: 24 Sep 2026
• Local bank account and cash-in-transit service | Owner: Paolo Marchetti | Due Date: 25 Sep 2026
• Meeting with airport representatives on compliance and labelling | Owner: Davide Fontana | Due Date: 25 Sep 2026
• Identify local auditors for statutory requirements | Owner: Paolo Marchetti | Due Date: 26 Sep 2026

BLOCKERS / DECISIONS REQUIRED
• BLOCKER – Hardware purchase (POS, back-office PCs, printers): Awaiting budget release for hardware PO | Owner: Stefano Galli",TRUE,PMO Admin,"{""doc"":{""title"":""AMSTERDAM AIRPORT"",""headerLines"":[""Opening Store: 05 Mar 2027"",""Last SAL: — (first SAL baseline)"",""Current SAL: 07 Sep 2026"",""Overall completion: 22% · Days to opening: 179"",""First SAL — current-state recap (new baseline)""],""sections"":[{""id"":""smulgc2o40ia2"",""kind"":""area"",""title"":""CORPORATE / LEGAL"",""numbered"":true,""groups"":[{""id"":""gmulgc2o44utx"",""subtitle"":"""",""bullets"":[{""id"":""bmulgc2o41nge"",""text"":""Local VAT and EORI registration check: due 13 Sep; 50% complete → In Progress | Owner: Roberto Villa"",""taskId"":""AMS-CORP-003""},{""id"":""bmulgc2o4299t"",""text"":""Change of local company representative / authorized signatory: due 03 Oct; 20% complete → In Progress | Owner: Marco Ferri"",""taskId"":""AMS-CORP-001""},{""id"":""bmulgc2o43qra"",""text"":""Power of attorney for Store Manager (local operations): due 27 Nov → Not Started | Owner: Marco Ferri"",""taskId"":""AMS-CORP-002""}]}]},{""id"":""smulgc2o45zfd"",""kind"":""area"",""title"":""CONTRACT"",""numbered"":true,""groups"":[{""id"":""gmulgc2o49j6b"",""subtitle"":"""",""bullets"":[{""id"":""bmulgc2o46yu8"",""text"":""Landlord fit-out guidelines sign-off: due 16 Sep; 60% complete → In Progress | Owner: Alessandro Riva"",""taskId"":""AMS-CON-003""},{""id"":""bmulgc2o47ddw"",""text"":""Concession contract review and signature – Schiphol: due 30 Sep; 50% complete → In Progress | Owner: Giulia Rinaldi"",""taskId"":""AMS-CON-001""},{""id"":""bmulgc2o48u4c"",""text"":""Assess impact of contract signature on recruiting and construction permit: due 05 Oct → Not Started | Owner: Giulia Rinaldi"",""taskId"":""AMS-CON-002""}]}]},{""id"":""smulgc2o4azma"",""kind"":""area"",""title"":""IT"",""numbered"":true,""groups"":[{""id"":""gmulgc2o4dozs"",""subtitle"":"""",""bullets"":[{""id"":""bmulgc2o4bdww"",""text"":""IT project kick-off with Schiphol IT → Completed | Owner: Luca Bernardi"",""taskId"":""AMS-IT-001""},{""id"":""bmulgc2o4cab4"",""text"":""Airport IT integration requirements (network security, VLAN, firewall): due 24 Sep; 20% complete → In Progress | Owner: Luca Bernardi"",""taskId"":""AMS-IT-002""}]},{""id"":""gmulgc2o4hdd6"",""subtitle"":""SAP"",""bullets"":[{""id"":""bmulgc2o4ebzy"",""text"":""Store master data set-up in SAP (plant, storage locations): due 14 Sep; 80% complete → In Progress | Owner: Andrea Colombo"",""taskId"":""AMS-SAP-001""},{""id"":""bmulgc2o4fon8"",""text"":""Set-up and testing of flows (sales, replenishment, returns): due 18 Oct → Not Started | Owner: Andrea Colombo"",""taskId"":""AMS-SAP-002""},{""id"":""bmulgc2o4gyqj"",""text"":""Duty-free pricing conditions and tax codes in SAP: due 07 Nov → Not Started | Owner: Andrea Colombo"",""taskId"":""AMS-SAP-003""}]},{""id"":""gmulgc2o4kpi8"",""subtitle"":""ERP"",""bullets"":[{""id"":""bmulgc2o4itz8"",""text"":""Handling company meeting to clarify customs and transport flows: due 23 Sep → Not Started | Owner: Andrea Colombo"",""taskId"":""AMS-ERP-001""},{""id"":""bmulgc2o4j53d"",""text"":""Bonded-stock flow configuration (airside): due 02 Nov → Not Started | Owner: Andrea Colombo"",""taskId"":""AMS-ERP-002""}]},{""id"":""gmulgc2o4osq2"",""subtitle"":""POS"",""bullets"":[{""id"":""bmulgc2o4lftm"",""text"":""Payment terminals (PSP) contract for the Netherlands: due 22 Sep; 20% complete → In Progress | Owner: Francesca Moretti"",""taskId"":""AMS-POS-003""},{""id"":""bmulgc2o4m42q"",""text"":""POS integration with airport systems (sales reporting to Schiphol): due 28 Oct; 10% complete → In Progress | Owner: Francesca Moretti"",""taskId"":""AMS-POS-001""},{""id"":""bmulgc2o4nc3s"",""text"":""Boarding-pass scanning integration: due 12 Dec → Not Started | Owner: Francesca Moretti"",""taskId"":""AMS-POS-002""}]},{""id"":""gmulgc2o4reu7"",""subtitle"":""IT Hardware"",""bullets"":[{""id"":""bmulgc2o4p3k2"",""text"":""Hardware purchase (POS, back-office PCs, printers): blocked – Awaiting budget release for hardware PO; due 23 Oct; 10% complete → On Hold | Owner: Stefano Galli"",""taskId"":""AMS-ITH-001""},{""id"":""bmulgc2o4qsk4"",""text"":""Check additional documentation required for hardware shipment: due 01 Oct; 20% complete → In Progress | Owner: Stefano Galli"",""taskId"":""AMS-ITH-002""}]},{""id"":""gmulgc2o4u92x"",""subtitle"":""CRM"",""bullets"":[{""id"":""bmulgc2o4s9xd"",""text"":""Salesforce users for store team: due 08 Oct → Not Started | Owner: Chiara De Luca"",""taskId"":""AMS-CRM-001""},{""id"":""bmulgc2o4tkog"",""text"":""Customer journey set-up (travel retail): due 17 Nov → On Hold | Owner: Chiara De Luca"",""taskId"":""AMS-CRM-002""}]},{""id"":""gmulgc2o4x7em"",""subtitle"":""Connectivity"",""bullets"":[{""id"":""bmulgc2o4vvka"",""text"":""Internet line activation: due 23 Oct; 10% complete → In Progress | Owner: Stefano Galli"",""taskId"":""AMS-NET-001""},{""id"":""bmulgc2o4waam"",""text"":""In-store network and Wi-Fi design: due 07 Dec → Not Started | Owner: Stefano Galli"",""taskId"":""AMS-NET-002""}]},{""id"":""gmulgc2o410c34"",""subtitle"":""Telephony"",""bullets"":[{""id"":""bmulgc2o4ys67"",""text"":""Order Apple devices for store team: due 12 Nov → On Hold | Owner: Stefano Galli"",""taskId"":""AMS-TEL-001""},{""id"":""bmulgc2o4zqx8"",""text"":""SIM activation coordinated with Store Manager: due 06 Jan → Not Started | Owner: Stefano Galli"",""taskId"":""AMS-TEL-002""}]}]},{""id"":""smulgc2o411fwg"",""kind"":""area"",""title"":""FINANCE & ADMINISTRATION"",""numbered"":true,""groups"":[{""id"":""gmulgc2o415111"",""subtitle"":"""",""bullets"":[{""id"":""bmulgc2o412saj"",""text"":""Store budget and capex approval → Completed | Owner: Paolo Marchetti"",""taskId"":""AMS-FIN-003""},{""id"":""bmulgc2o413iff"",""text"":""Local bank account and cash-in-transit service: due 25 Sep; 70% complete → In Progress | Owner: Paolo Marchetti"",""taskId"":""AMS-FIN-002""},{""id"":""bmulgc2o414ojc"",""text"":""Identify local auditors for statutory requirements: due 26 Sep; 20% complete → In Progress | Owner: Paolo Marchetti"",""taskId"":""AMS-FIN-001""}]}]},{""id"":""smulgc2o4162d5"",""kind"":""area"",""title"":""LOGISTICS & CUSTOMS"",""numbered"":true,""groups"":[{""id"":""gmulgc2o41ax8r"",""subtitle"":"""",""bullets"":[{""id"":""bmulgc2o417gmc"",""text"":""Handling company discussion on customs and merchandise flow: due 06 Oct; 20% complete → In Progress | Owner: Elena Conti"",""taskId"":""AMS-LOG-001""},{""id"":""bmulgc2o4187z2"",""text"":""Customs warehouse (bonded) authorization: due 07 Nov; 10% complete → In Progress | Owner: Elena Conti"",""taskId"":""AMS-LOG-002""},{""id"":""bmulgc2o4192xb"",""text"":""First merchandise shipment planning: due 26 Jan → Not Started | Owner: Elena Conti"",""taskId"":""AMS-LOG-003""}]}]},{""id"":""smulgc2o41b9yy"",""kind"":""area"",""title"":""COMPLIANCE & LABELLING"",""numbered"":true,""groups"":[{""id"":""gmulgc2o41ey52"",""subtitle"":"""",""bullets"":[{""id"":""bmulgc2o41c0bl"",""text"":""Meeting with airport representatives on compliance and labelling: due 25 Sep → Not Started | Owner: Davide Fontana"",""taskId"":""AMS-CMP-001""},{""id"":""bmulgc2o41d9k8"",""text"":""Product labelling requirements check (NL/EN): due 17 Nov → Not Started | Owner: Davide Fontana"",""taskId"":""AMS-CMP-002""}]}]},{""id"":""smulgc2o41fdeo"",""kind"":""area"",""title"":""HR"",""numbered"":true,""groups"":[{""id"":""gmulgc2o51mzqd"",""subtitle"":"""",""bullets"":[{""id"":""bmulgc2o41gvsb"",""text"":""Define store organization chart → Completed | Owner: Nicoletta Bisaro"",""taskId"":""AMS-HR-001""},{""id"":""bmulgc2o51hdvh"",""text"":""Recruiting store team (Store Manager + 8 Sales Associates): due 20 Sep; 20% complete → In Progress | Owner: Nicoletta Bisaro"",""taskId"":""AMS-HR-002""},{""id"":""bmulgc2o51iglc"",""text"":""Country blacklist verification for candidates: due 04 Oct; 20% complete → In Progress | Owner: Nicoletta Bisaro"",""taskId"":""AMS-HR-005""},{""id"":""bmulgc2o51j6i6"",""text"":""Job offers to selected candidates: due 10 Oct → On Hold | Owner: Nicoletta Bisaro"",""taskId"":""AMS-HR-004""},{""id"":""bmulgc2o51kjxg"",""text"":""Airport access passes for store staff: due 07 Nov → Not Started | Owner: Nicoletta Bisaro"",""taskId"":""AMS-HR-003""},{""id"":""bmulgc2o51ly8e"",""text"":""Training plan and onboarding at Milan HQ: due 16 Jan → Not Started | Owner: Nicoletta Bisaro"",""taskId"":""AMS-HR-006""}]}]},{""id"":""smulgc2o51nkvb"",""kind"":""area"",""title"":""STORE PLANNING"",""numbered"":true,""groups"":[{""id"":""gmulgc2o51t5d9"",""subtitle"":"""",""bullets"":[{""id"":""bmulgc2o51on6s"",""text"":""Store design final approval → Completed | Owner: Alessandro Riva"",""taskId"":""AMS-SP-001""},{""id"":""bmulgc2o51prli"",""text"":""Construction permit submission to Schiphol: due 02 Oct; 40% complete → In Progress | Owner: Alessandro Riva"",""taskId"":""AMS-SP-002""},{""id"":""bmulgc2o51qglq"",""text"":""Contractor access pass process: due 12 Oct; 30% complete → In Progress | Owner: Alessandro Riva"",""taskId"":""AMS-SP-004""},{""id"":""bmulgc2o51rkks"",""text"":""Construction start on site: due 06 Jan → Not Started | Owner: Alessandro Riva"",""taskId"":""AMS-SP-003""},{""id"":""bmulgc2o51sjeb"",""text"":""Furniture production and delivery: due 05 Feb → Not Started | Owner: Alessandro Riva"",""taskId"":""AMS-SP-005""}]}]},{""id"":""smulgc2o51udwz"",""kind"":""area"",""title"":""INDIRECT MATERIALS"",""numbered"":true,""groups"":[{""id"":""gmulgc2o51x5jj"",""subtitle"":"""",""bullets"":[{""id"":""bmulgc2o51vz92"",""text"":""Store consumables list: due 19 Sep; 50% complete → In Progress | Owner: Sara Lombardi"",""taskId"":""AMS-IM-002""},{""id"":""bmulgc2o51w2e9"",""text"":""Indirect materials orders (packaging, shopping bags, consumables): due 10 Oct; 20% complete → In Progress | Owner: Sara Lombardi"",""taskId"":""AMS-IM-001""}]}]},{""id"":""smulgc2o51yzl6"",""kind"":""area"",""title"":""ALLOCATION & REPLENISHMENT"",""numbered"":true,""groups"":[{""id"":""gmulgc2o5210o8"",""subtitle"":"""",""bullets"":[{""id"":""bmulgc2o51zjgf"",""text"":""Travel products and assortment coordination: due 28 Oct; 20% complete → In Progress | Owner: Matteo Greco"",""taskId"":""AMS-AR-001""},{""id"":""bmulgc2o5207e7"",""text"":""Opening allocation plan: due 16 Jan → Not Started | Owner: Matteo Greco"",""taskId"":""AMS-AR-002""}]}]},{""id"":""smulgc2o5223im"",""kind"":""area"",""title"":""GENERAL SERVICES"",""numbered"":true,""groups"":[{""id"":""gmulgc2o525xsb"",""subtitle"":"""",""bullets"":[{""id"":""bmulgc2o523ho5"",""text"":""Cleaning and maintenance supplier discussions: due 18 Oct; 20% complete → In Progress | Owner: Valentina Costa"",""taskId"":""AMS-GS-001""},{""id"":""bmulgc2o524eu6"",""text"":""Security and alarm service: due 17 Dec → Not Started | Owner: Valentina Costa"",""taskId"":""AMS-GS-002""}]}]},{""id"":""smulgc2o5269j8"",""kind"":""area"",""title"":""RETAIL"",""numbered"":true,""groups"":[{""id"":""gmulgc2o52ayu6"",""subtitle"":"""",""bullets"":[{""id"":""bmulgc2o527pvr"",""text"":""Travel concept definition: due 13 Oct; 30% complete → In Progress | Owner: Martina Ricci"",""taskId"":""AMS-RET-001""},{""id"":""bmulgc2o528cgh"",""text"":""Store Manager onboarding and opening plan: due 05 Feb → Not Started | Owner: Federico Mancini"",""taskId"":""AMS-RET-002""},{""id"":""bmulgc2o5294ir"",""text"":""Opening event and PR activation: due 25 Feb → Not Started | Owner: Martina Ricci"",""taskId"":""AMS-RET-003""}]}]},{""id"":""smulgc2o52br94"",""kind"":""next"",""title"":""NEXT STEPS / OPEN POINTS"",""numbered"":false,""groups"":[{""id"":""gmulgc2o52ntba"",""subtitle"":"""",""bullets"":[{""id"":""bmulgc2o52cvls"",""text"":""Local VAT and EORI registration check | Owner: Roberto Villa | Due Date: 13 Sep 2026"",""taskId"":""AMS-CORP-003""},{""id"":""bmulgc2o52daly"",""text"":""Store master data set-up in SAP (plant, storage locations) | Owner: Andrea Colombo | Due Date: 14 Sep 2026"",""taskId"":""AMS-SAP-001""},{""id"":""bmulgc2o52ev2e"",""text"":""Landlord fit-out guidelines sign-off | Owner: Alessandro Riva | Due Date: 16 Sep 2026"",""taskId"":""AMS-CON-003""},{""id"":""bmulgc2o52fnxc"",""text"":""Store consumables list | Owner: Sara Lombardi | Due Date: 19 Sep 2026"",""taskId"":""AMS-IM-002""},{""id"":""bmulgc2o52gta1"",""text"":""Recruiting store team (Store Manager + 8 Sales Associates) | Owner: Nicoletta Bisaro | Due Date: 20 Sep 2026"",""taskId"":""AMS-HR-002""},{""id"":""bmulgc2o52hjfv"",""text"":""Payment terminals (PSP) contract for the Netherlands | Owner: Francesca Moretti | Due Date: 22 Sep 2026"",""taskId"":""AMS-POS-003""},{""id"":""bmulgc2o52ikut"",""text"":""Handling company meeting to clarify customs and transport flows | Owner: Andrea Colombo | Due Date: 23 Sep 2026"",""taskId"":""AMS-ERP-001""},{""id"":""bmulgc2o52jj1i"",""text"":""Airport IT integration requirements (network security, VLAN, firewall) | Owner: Luca Bernardi | Due Date: 24 Sep 2026"",""taskId"":""AMS-IT-002""},{""id"":""bmulgc2o52kp73"",""text"":""Local bank account and cash-in-transit service | Owner: Paolo Marchetti | Due Date: 25 Sep 2026"",""taskId"":""AMS-FIN-002""},{""id"":""bmulgc2o52lc8e"",""text"":""Meeting with airport representatives on compliance and labelling | Owner: Davide Fontana | Due Date: 25 Sep 2026"",""taskId"":""AMS-CMP-001""},{""id"":""bmulgc2o52mufy"",""text"":""Identify local auditors for statutory requirements | Owner: Paolo Marchetti | Due Date: 26 Sep 2026"",""taskId"":""AMS-FIN-001""}]}]},{""id"":""smulgc2o52pzhd"",""kind"":""blockers"",""title"":""BLOCKERS / DECISIONS REQUIRED"",""numbered"":false,""groups"":[{""id"":""gmulgc2o52q7w7"",""subtitle"":"""",""bullets"":[{""id"":""bmulgc2o52osqp"",""text"":""BLOCKER – Hardware purchase (POS, back-office PCs, printers): Awaiting budget release for hardware PO | Owner: Stefano Galli"",""taskId"":""AMS-ITH-001""}]}]}],""comments"":"""",""templateId"":""standard""},""included"":[{""taskId"":""AMS-CORP-003"",""area"":""CORP"",""signals"":[""recap""]},{""taskId"":""AMS-CORP-001"",""area"":""CORP"",""signals"":[""recap""]},{""taskId"":""AMS-CORP-002"",""area"":""CORP"",""signals"":[""recap""]},{""taskId"":""AMS-CON-003"",""area"":""CON"",""signals"":[""recap""]},{""taskId"":""AMS-CON-001"",""area"":""CON"",""signals"":[""recap""]},{""taskId"":""AMS-CON-002"",""area"":""CON"",""signals"":[""recap""]},{""taskId"":""AMS-IT-001"",""area"":""IT"",""signals"":[""recap""]},{""taskId"":""AMS-IT-002"",""area"":""IT"",""signals"":[""recap""]},{""taskId"":""AMS-SAP-001"",""area"":""SAP"",""signals"":[""recap""]},{""taskId"":""AMS-SAP-002"",""area"":""SAP"",""signals"":[""recap""]},{""taskId"":""AMS-SAP-003"",""area"":""SAP"",""signals"":[""recap""]},{""taskId"":""AMS-ERP-001"",""area"":""ERP"",""signals"":[""recap""]},{""taskId"":""AMS-ERP-002"",""area"":""ERP"",""signals"":[""recap""]},{""taskId"":""AMS-POS-003"",""area"":""POS"",""signals"":[""recap""]},{""taskId"":""AMS-POS-001"",""area"":""POS"",""signals"":[""recap""]},{""taskId"":""AMS-POS-002"",""area"":""POS"",""signals"":[""recap""]},{""taskId"":""AMS-ITH-001"",""area"":""ITH"",""signals"":[""newBlocker"",""recap""]},{""taskId"":""AMS-ITH-002"",""area"":""ITH"",""signals"":[""recap""]},{""taskId"":""AMS-CRM-001"",""area"":""CRM"",""signals"":[""recap""]},{""taskId"":""AMS-CRM-002"",""area"":""CRM"",""signals"":[""recap""]},{""taskId"":""AMS-NET-001"",""area"":""NET"",""signals"":[""recap""]},{""taskId"":""AMS-NET-002"",""area"":""NET"",""signals"":[""recap""]},{""taskId"":""AMS-TEL-001"",""area"":""TEL"",""signals"":[""recap""]},{""taskId"":""AMS-TEL-002"",""area"":""TEL"",""signals"":[""recap""]},{""taskId"":""AMS-FIN-003"",""area"":""FIN"",""signals"":[""recap""]},{""taskId"":""AMS-FIN-002"",""area"":""FIN"",""signals"":[""recap""]},{""taskId"":""AMS-FIN-001"",""area"":""FIN"",""signals"":[""recap""]},{""taskId"":""AMS-LOG-001"",""area"":""LOG"",""signals"":[""recap""]},{""taskId"":""AMS-LOG-002"",""area"":""LOG"",""signals"":[""recap""]},{""taskId"":""AMS-LOG-003"",""area"":""LOG"",""signals"":[""recap""]},{""taskId"":""AMS-CMP-001"",""area"":""CMP"",""signals"":[""recap""]},{""taskId"":""AMS-CMP-002"",""area"":""CMP"",""signals"":[""recap""]},{""taskId"":""AMS-HR-001"",""area"":""HR"",""signals"":[""recap""]},{""taskId"":""AMS-HR-002"",""area"":""HR"",""signals"":[""recap""]},{""taskId"":""AMS-HR-005"",""area"":""HR"",""signals"":[""recap""]},{""taskId"":""AMS-HR-004"",""area"":""HR"",""signals"":[""recap""]},{""taskId"":""AMS-HR-003"",""area"":""HR"",""signals"":[""recap""]},{""taskId"":""AMS-HR-006"",""area"":""HR"",""signals"":[""recap""]},{""taskId"":""AMS-SP-001"",""area"":""SP"",""signals"":[""recap""]},{""taskId"":""AMS-SP-002"",""area"":""SP"",""signals"":[""recap""]},{""taskId"":""AMS-SP-004"",""area"":""SP"",""signals"":[""recap""]},{""taskId"":""AMS-SP-003"",""area"":""SP"",""signals"":[""recap""]},{""taskId"":""AMS-SP-005"",""area"":""SP"",""signals"":[""recap""]},{""taskId"":""AMS-IM-002"",""area"":""IM"",""signals"":[""recap""]},{""taskId"":""AMS-IM-001"",""area"":""IM"",""signals"":[""recap""]},{""taskId"":""AMS-AR-001"",""area"":""AR"",""signals"":[""recap""]},{""taskId"":""AMS-AR-002"",""area"":""AR"",""signals"":[""recap""]},{""taskId"":""AMS-GS-001"",""area"":""GS"",""signals"":[""recap""]},{""taskId"":""AMS-GS-002"",""area"":""GS"",""signals"":[""recap""]},{""taskId"":""AMS-RET-001"",""area"":""RET"",""signals"":[""recap""]},{""taskId"":""AMS-RET-002"",""area"":""RET"",""signals"":[""recap""]},{""taskId"":""AMS-RET-003"",""area"":""RET"",""signals"":[""recap""]}]}","{""kpis"":{""progress"":22,""daysToOpening"":179,""open"":48,""completed"":4,""blocked"":1,""overdue"":0,""dueSoon"":5,""decisions"":0},""store"":{""Opening_Date"":""2027-03-05"",""Opening_Date_Status"":""Confirmed"",""Risk_Level"":""Medium"",""Overall_Status"":""In Progress""},""areas"":[{""id"":""CORP"",""name"":""Corporate / Legal"",""progress"":23,""status"":""In Progress"",""tasks"":3,""overdue"":0,""blocked"":0},{""id"":""CON"",""name"":""Contract"",""progress"":37,""status"":""In Progress"",""tasks"":3,""overdue"":0,""blocked"":0},{""id"":""IT"",""name"":""IT"",""progress"":60,""status"":""In Progress"",""tasks"":2,""overdue"":0,""blocked"":0},{""id"":""SAP"",""name"":""SAP"",""progress"":27,""status"":""In Progress"",""tasks"":3,""overdue"":0,""blocked"":0},{""id"":""ERP"",""name"":""ERP"",""progress"":0,""status"":""Not Started"",""tasks"":2,""overdue"":0,""blocked"":0},{""id"":""POS"",""name"":""POS"",""progress"":10,""status"":""In Progress"",""tasks"":3,""overdue"":0,""blocked"":0},{""id"":""ITH"",""name"":""IT Hardware"",""progress"":15,""status"":""Blocked"",""tasks"":2,""overdue"":0,""blocked"":1},{""id"":""CRM"",""name"":""CRM"",""progress"":0,""status"":""In Progress"",""tasks"":2,""overdue"":0,""blocked"":0},{""id"":""NET"",""name"":""Connectivity"",""progress"":5,""status"":""In Progress"",""tasks"":2,""overdue"":0,""blocked"":0},{""id"":""TEL"",""name"":""Telephony"",""progress"":0,""status"":""In Progress"",""tasks"":2,""overdue"":0,""blocked"":0},{""id"":""FIN"",""name"":""Finance & Administration"",""progress"":63,""status"":""In Progress"",""tasks"":3,""overdue"":0,""blocked"":0},{""id"":""LOG"",""name"":""Logistics & Customs"",""progress"":10,""status"":""In Progress"",""tasks"":3,""overdue"":0,""blocked"":0},{""id"":""CMP"",""name"":""Compliance & Labelling"",""progress"":0,""status"":""Not Started"",""tasks"":2,""overdue"":0,""blocked"":0},{""id"":""HR"",""name"":""HR"",""progress"":23,""status"":""In Progress"",""tasks"":6,""overdue"":0,""blocked"":0},{""id"":""SP"",""name"":""Store Planning"",""progress"":34,""status"":""In Progress"",""tasks"":5,""overdue"":0,""blocked"":0},{""id"":""IM"",""name"":""Indirect Materials"",""progress"":35,""status"":""In Progress"",""tasks"":2,""overdue"":0,""blocked"":0},{""id"":""AR"",""name"":""Allocation & Replenishment"",""progress"":10,""status"":""In Progress"",""tasks"":2,""overdue"":0,""blocked"":0},{""id"":""GS"",""name"":""General Services"",""progress"":10,""status"":""In Progress"",""tasks"":2,""overdue"":0,""blocked"":0},{""id"":""RET"",""name"":""Retail"",""progress"":10,""status"":""In Progress"",""tasks"":3,""overdue"":0,""blocked"":0}],""tasks"":{""AMS-CORP-001"":{""t"":""Change of local company representative / authorized signatory"",""a"":""CORP"",""s"":""In Progress"",""p"":20,""d"":""2026-10-03"",""o"":""Marco Ferri"",""r"":""Medium"",""pr"":""High"",""b"":"""",""dr"":""""},""AMS-CORP-002"":{""t"":""Power of attorney for Store Manager (local operations)"",""a"":""CORP"",""s"":""Not Started"",""p"":0,""d"":""2026-11-27"",""o"":""Marco Ferri"",""r"":""Low"",""pr"":""Medium"",""b"":"""",""dr"":""""},""AMS-CORP-003"":{""t"":""Local VAT and EORI registration check"",""a"":""CORP"",""s"":""In Progress"",""p"":50,""d"":""2026-09-13"",""o"":""Roberto Villa"",""r"":""Low"",""pr"":""Medium"",""b"":"""",""dr"":""""},""AMS-CON-001"":{""t"":""Concession contract review and signature – Schiphol"",""a"":""CON"",""s"":""In Progress"",""p"":50,""d"":""2026-09-30"",""o"":""Giulia Rinaldi"",""r"":""High"",""pr"":""High"",""b"":"""",""dr"":""""},""AMS-CON-002"":{""t"":""Assess impact of contract signature on recruiting and construction permit"",""a"":""CON"",""s"":""Not Started"",""p"":0,""d"":""2026-10-05"",""o"":""Giulia Rinaldi"",""r"":""Medium"",""pr"":""Medium"",""b"":"""",""dr"":""""},""AMS-CON-003"":{""t"":""Landlord fit-out guidelines sign-off"",""a"":""CON"",""s"":""In Progress"",""p"":60,""d"":""2026-09-16"",""o"":""Alessandro Riva"",""r"":""Low"",""pr"":""Medium"",""b"":"""",""dr"":""""},""AMS-IT-001"":{""t"":""IT project kick-off with Schiphol IT"",""a"":""IT"",""s"":""Completed"",""p"":100,""d"":""2026-08-29"",""o"":""Luca Bernardi"",""r"":""Low"",""pr"":""Medium"",""b"":"""",""dr"":""""},""AMS-IT-002"":{""t"":""Airport IT integration requirements (network security, VLAN, firewall)"",""a"":""IT"",""s"":""In Progress"",""p"":20,""d"":""2026-09-24"",""o"":""Luca Bernardi"",""r"":""Medium"",""pr"":""High"",""b"":"""",""dr"":""""},""AMS-SAP-001"":{""t"":""Store master data set-up in SAP (plant, storage locations)"",""a"":""SAP"",""s"":""In Progress"",""p"":80,""d"":""2026-09-14"",""o"":""Andrea Colombo"",""r"":""Low"",""pr"":""Medium"",""b"":"""",""dr"":""""},""AMS-SAP-002"":{""t"":""Set-up and testing of flows (sales, replenishment, returns)"",""a"":""SAP"",""s"":""Not Started"",""p"":0,""d"":""2026-10-18"",""o"":""Andrea Colombo"",""r"":""Low"",""pr"":""Medium"",""b"":"""",""dr"":""""},""AMS-SAP-003"":{""t"":""Duty-free pricing conditions and tax codes in SAP"",""a"":""SAP"",""s"":""Not Started"",""p"":0,""d"":""2026-11-07"",""o"":""Andrea Colombo"",""r"":""Low"",""pr"":""Medium"",""b"":"""",""dr"":""""},""AMS-ERP-001"":{""t"":""Handling company meeting to clarify customs and transport flows"",""a"":""ERP"",""s"":""Not Started"",""p"":0,""d"":""2026-09-23"",""o"":""Andrea Colombo"",""r"":""Low"",""pr"":""Medium"",""b"":"""",""dr"":""""},""AMS-ERP-002"":{""t"":""Bonded-stock flow configuration (airside)"",""a"":""ERP"",""s"":""Not Started"",""p"":0,""d"":""2026-11-02"",""o"":""Andrea Colombo"",""r"":""Low"",""pr"":""Medium"",""b"":"""",""dr"":""""},""AMS-POS-001"":{""t"":""POS integration with airport systems (sales reporting to Schiphol)"",""a"":""POS"",""s"":""In Progress"",""p"":10,""d"":""2026-10-28"",""o"":""Francesca Moretti"",""r"":""High"",""pr"":""High"",""b"":"""",""dr"":""""},""AMS-POS-002"":{""t"":""Boarding-pass scanning integration"",""a"":""POS"",""s"":""Not Started"",""p"":0,""d"":""2026-12-12"",""o"":""Francesca Moretti"",""r"":""Medium"",""pr"":""Medium"",""b"":"""",""dr"":""""},""AMS-POS-003"":{""t"":""Payment terminals (PSP) contract for the Netherlands"",""a"":""POS"",""s"":""In Progress"",""p"":20,""d"":""2026-09-22"",""o"":""Francesca Moretti"",""r"":""Medium"",""pr"":""Medium"",""b"":"""",""dr"":""""},""AMS-ITH-001"":{""t"":""Hardware purchase (POS, back-office PCs, printers)"",""a"":""ITH"",""s"":""On Hold"",""p"":10,""d"":""2026-10-23"",""o"":""Stefano Galli"",""r"":""Low"",""pr"":""Medium"",""b"":""Awaiting budget release for hardware PO"",""dr"":""""},""AMS-ITH-002"":{""t"":""Check additional documentation required for hardware shipment"",""a"":""ITH"",""s"":""In Progress"",""p"":20,""d"":""2026-10-01"",""o"":""Stefano Galli"",""r"":""Medium"",""pr"":""Medium"",""b"":"""",""dr"":""""},""AMS-CRM-001"":{""t"":""Salesforce users for store team"",""a"":""CRM"",""s"":""Not Started"",""p"":0,""d"":""2026-10-08"",""o"":""Chiara De Luca"",""r"":""Medium"",""pr"":""Medium"",""b"":"""",""dr"":""""},""AMS-CRM-002"":{""t"":""Customer journey set-up (travel retail)"",""a"":""CRM"",""s"":""On Hold"",""p"":0,""d"":""2026-11-17"",""o"":""Chiara De Luca"",""r"":""Low"",""pr"":""Medium"",""b"":"""",""dr"":""""},""AMS-NET-001"":{""t"":""Internet line activation"",""a"":""NET"",""s"":""In Progress"",""p"":10,""d"":""2026-10-23"",""o"":""Stefano Galli"",""r"":""Low"",""pr"":""Medium"",""b"":"""",""dr"":""""},""AMS-NET-002"":{""t"":""In-store network and Wi-Fi design"",""a"":""NET"",""s"":""Not Started"",""p"":0,""d"":""2026-12-07"",""o"":""Stefano Galli"",""r"":""Low"",""pr"":""Medium"",""b"":"""",""dr"":""""},""AMS-TEL-001"":{""t"":""Order Apple devices for store team"",""a"":""TEL"",""s"":""On Hold"",""p"":0,""d"":""2026-11-12"",""o"":""Stefano Galli"",""r"":""Low"",""pr"":""Medium"",""b"":"""",""dr"":""""},""AMS-TEL-002"":{""t"":""SIM activation coordinated with Store Manager"",""a"":""TEL"",""s"":""Not Started"",""p"":0,""d"":""2027-01-06"",""o"":""Stefano Galli"",""r"":""Low"",""pr"":""Medium"",""b"":"""",""dr"":""""},""AMS-FIN-001"":{""t"":""Identify local auditors for statutory requirements"",""a"":""FIN"",""s"":""In Progress"",""p"":20,""d"":""2026-09-26"",""o"":""Paolo Marchetti"",""r"":""Medium"",""pr"":""Medium"",""b"":"""",""dr"":""""},""AMS-FIN-002"":{""t"":""Local bank account and cash-in-transit service"",""a"":""FIN"",""s"":""In Progress"",""p"":70,""d"":""2026-09-25"",""o"":""Paolo Marchetti"",""r"":""Low"",""pr"":""Medium"",""b"":"""",""dr"":""""},""AMS-FIN-003"":{""t"":""Store budget and capex approval"",""a"":""FIN"",""s"":""Completed"",""p"":100,""d"":""2026-08-31"",""o"":""Paolo Marchetti"",""r"":""Low"",""pr"":""Medium"",""b"":"""",""dr"":""""},""AMS-LOG-001"":{""t"":""Handling company discussion on customs and merchandise flow"",""a"":""LOG"",""s"":""In Progress"",""p"":20,""d"":""2026-10-06"",""o"":""Elena Conti"",""r"":""Medium"",""pr"":""Medium"",""b"":"""",""dr"":""""},""AMS-LOG-002"":{""t"":""Customs warehouse (bonded) authorization"",""a"":""LOG"",""s"":""In Progress"",""p"":10,""d"":""2026-11-07"",""o"":""Elena Conti"",""r"":""High"",""pr"":""High"",""b"":"""",""dr"":""""},""AMS-LOG-003"":{""t"":""First merchandise shipment planning"",""a"":""LOG"",""s"":""Not Started"",""p"":0,""d"":""2027-01-26"",""o"":""Elena Conti"",""r"":""Low"",""pr"":""Medium"",""b"":"""",""dr"":""""},""AMS-CMP-001"":{""t"":""Meeting with airport representatives on compliance and labelling"",""a"":""CMP"",""s"":""Not Started"",""p"":0,""d"":""2026-09-25"",""o"":""Davide Fontana"",""r"":""Medium"",""pr"":""Medium"",""b"":"""",""dr"":""""},""AMS-CMP-002"":{""t"":""Product labelling requirements check (NL/EN)"",""a"":""CMP"",""s"":""Not Started"",""p"":0,""d"":""2026-11-17"",""o"":""Davide Fontana"",""r"":""Low"",""pr"":""Medium"",""b"":"""",""dr"":""""},""AMS-HR-001"":{""t"":""Define store organization chart"",""a"":""HR"",""s"":""Completed"",""p"":100,""d"":""2026-09-08"",""o"":""Nicoletta Bisaro"",""r"":""Low"",""pr"":""Medium"",""b"":"""",""dr"":""""},""AMS-HR-002"":{""t"":""Recruiting store team (Store Manager + 8 Sales Associates)"",""a"":""HR"",""s"":""In Progress"",""p"":20,""d"":""2026-09-20"",""o"":""Nicoletta Bisaro"",""r"":""Medium"",""pr"":""High"",""b"":"""",""dr"":""""},""AMS-HR-003"":{""t"":""Airport access passes for store staff"",""a"":""HR"",""s"":""Not Started"",""p"":0,""d"":""2026-11-07"",""o"":""Nicoletta Bisaro"",""r"":""High"",""pr"":""High"",""b"":"""",""dr"":""""},""AMS-HR-004"":{""t"":""Job offers to selected candidates"",""a"":""HR"",""s"":""On Hold"",""p"":0,""d"":""2026-10-10"",""o"":""Nicoletta Bisaro"",""r"":""High"",""pr"":""Medium"",""b"":"""",""dr"":""""},""AMS-HR-005"":{""t"":""Country blacklist verification for candidates"",""a"":""HR"",""s"":""In Progress"",""p"":20,""d"":""2026-10-04"",""o"":""Nicoletta Bisaro"",""r"":""Medium"",""pr"":""Medium"",""b"":"""",""dr"":""""},""AMS-HR-006"":{""t"":""Training plan and onboarding at Milan HQ"",""a"":""HR"",""s"":""Not Started"",""p"":0,""d"":""2027-01-16"",""o"":""Nicoletta Bisaro"",""r"":""Low"",""pr"":""Medium"",""b"":"""",""dr"":""""},""AMS-SP-001"":{""t"":""Store design final approval"",""a"":""SP"",""s"":""Completed"",""p"":100,""d"":""2026-09-03"",""o"":""Alessandro Riva"",""r"":""Low"",""pr"":""Medium"",""b"":"""",""dr"":""""},""AMS-SP-002"":{""t"":""Construction permit submission to Schiphol"",""a"":""SP"",""s"":""In Progress"",""p"":40,""d"":""2026-10-02"",""o"":""Alessandro Riva"",""r"":""High"",""pr"":""High"",""b"":"""",""dr"":""""},""AMS-SP-003"":{""t"":""Construction start on site"",""a"":""SP"",""s"":""Not Started"",""p"":0,""d"":""2027-01-06"",""o"":""Alessandro Riva"",""r"":""Medium"",""pr"":""High"",""b"":"""",""dr"":""""},""AMS-SP-004"":{""t"":""Contractor access pass process"",""a"":""SP"",""s"":""In Progress"",""p"":30,""d"":""2026-10-12"",""o"":""Alessandro Riva"",""r"":""Medium"",""pr"":""Medium"",""b"":"""",""dr"":""""},""AMS-SP-005"":{""t"":""Furniture production and delivery"",""a"":""SP"",""s"":""Not Started"",""p"":0,""d"":""2027-02-05"",""o"":""Alessandro Riva"",""r"":""Medium"",""pr"":""Medium"",""b"":"""",""dr"":""""},""AMS-IM-001"":{""t"":""Indirect materials orders (packaging, shopping bags, consumables)"",""a"":""IM"",""s"":""In Progress"",""p"":20,""d"":""2026-10-10"",""o"":""Sara Lombardi"",""r"":""Low"",""pr"":""Medium"",""b"":"""",""dr"":""""},""AMS-IM-002"":{""t"":""Store consumables list"",""a"":""IM"",""s"":""In Progress"",""p"":50,""d"":""2026-09-19"",""o"":""Sara Lombardi"",""r"":""Low"",""pr"":""Medium"",""b"":"""",""dr"":""""},""AMS-AR-001"":{""t"":""Travel products and assortment coordination"",""a"":""AR"",""s"":""In Progress"",""p"":20,""d"":""2026-10-28"",""o"":""Matteo Greco"",""r"":""Medium"",""pr"":""Medium"",""b"":"""",""dr"":""""},""AMS-AR-002"":{""t"":""Opening allocation plan"",""a"":""AR"",""s"":""Not Started"",""p"":0,""d"":""2027-01-16"",""o"":""Matteo Greco"",""r"":""Low"",""pr"":""Medium"",""b"":"""",""dr"":""""},""AMS-GS-001"":{""t"":""Cleaning and maintenance supplier discussions"",""a"":""GS"",""s"":""In Progress"",""p"":20,""d"":""2026-10-18"",""o"":""Valentina Costa"",""r"":""Low"",""pr"":""Medium"",""b"":"""",""dr"":""""},""AMS-GS-002"":{""t"":""Security and alarm service"",""a"":""GS"",""s"":""Not Started"",""p"":0,""d"":""2026-12-17"",""o"":""Valentina Costa"",""r"":""Low"",""pr"":""Medium"",""b"":"""",""dr"":""""},""AMS-RET-001"":{""t"":""Travel concept definition"",""a"":""RET"",""s"":""In Progress"",""p"":30,""d"":""2026-10-13"",""o"":""Martina Ricci"",""r"":""Medium"",""pr"":""High"",""b"":"""",""dr"":""""},""AMS-RET-002"":{""t"":""Store Manager onboarding and opening plan"",""a"":""RET"",""s"":""Not Started"",""p"":0,""d"":""2027-02-05"",""o"":""Federico Mancini"",""r"":""Low"",""pr"":""Medium"",""b"":"""",""dr"":""""},""AMS-RET-003"":{""t"":""Opening event and PR activation"",""a"":""RET"",""s"":""Not Started"",""p"":0,""d"":""2027-02-25"",""o"":""Martina Ricci"",""r"":""Low"",""pr"":""Medium"",""b"":"""",""dr"":""""}}}"
SAL-AMS-20260914,AMS,2026-09-14,2026-09-07,2026-09-07T11:30:00.000Z,2026-09-14T11:26:00.000Z,2026-09-14T11:30:00.000Z,"AMSTERDAM AIRPORT
Opening Store: 05 Mar 2027
Last SAL: 07 Sep 2026
Current SAL: 14 Sep 2026
Overall completion: 27% · Days to opening: 172

1. CORPORATE / LEGAL
• Local VAT and EORI registration check: completed → Completed | Owner: Roberto Villa
• Change of local company representative / authorized signatory: progressed to 40% (from 20%). Update: Draft notarial deed shared with local notary → In Progress | Owner: Marco Ferri

2. CONTRACT
• Concession contract review and signature – Schiphol: progressed to 65% (from 50%). Update: Second round of legal comments sent to Schiphol → In Progress | Owner: Giulia Rinaldi

3. IT
• Airport IT integration requirements (network security, VLAN, firewall): progressed to 40% (from 20%) → In Progress | Owner: Luca Bernardi

SAP
• Set-up and testing of flows (sales, replenishment, returns): started; progressed to 20% (from 0%) → In Progress | Owner: Andrea Colombo

ERP
• Handling company meeting to clarify customs and transport flows: started; progressed to 30% (from 0%) → In Progress | Owner: Andrea Colombo

POS
• Payment terminals (PSP) contract for the Netherlands: progressed to 50% (from 20%) → In Progress | Owner: Francesca Moretti
• POS integration with airport systems (sales reporting to Schiphol): progressed to 25% (from 10%) → In Progress | Owner: Francesca Moretti

CRM
• Salesforce users for store team: blocked – waiting for Retail ticket to be raised; status moved from Not Started to On Hold → On Hold | Owner: Chiara De Luca

4. LOGISTICS & CUSTOMS
• Handling company discussion on customs and merchandise flow: progressed to 40% (from 20%) → In Progress | Owner: Elena Conti

5. HR
• Recruiting store team (Store Manager + 8 Sales Associates): progressed to 40% (from 20%) → In Progress | Owner: Nicoletta Bisaro

6. RETAIL
• Opening event and PR activation: status moved from Not Started to N/A. Update: Not planned for airport store (landlord restrictions on events) → N/A | Owner: Martina Ricci
• Travel concept definition: progressed to 50% (from 30%) → In Progress | Owner: Martina Ricci

NEXT STEPS / OPEN POINTS
• Store master data set-up in SAP (plant, storage locations) | Owner: Andrea Colombo | Due Date: 14 Sep 2026
• Landlord fit-out guidelines sign-off | Owner: Alessandro Riva | Due Date: 16 Sep 2026
• Store consumables list | Owner: Sara Lombardi | Due Date: 19 Sep 2026
• Recruiting store team (Store Manager + 8 Sales Associates) | Owner: Nicoletta Bisaro | Due Date: 20 Sep 2026
• Payment terminals (PSP) contract for the Netherlands | Owner: Francesca Moretti | Due Date: 22 Sep 2026
• Handling company meeting to clarify customs and transport flows | Owner: Andrea Colombo | Due Date: 23 Sep 2026
• Airport IT integration requirements (network security, VLAN, firewall) | Owner: Luca Bernardi | Due Date: 24 Sep 2026
• Local bank account and cash-in-transit service | Owner: Paolo Marchetti | Due Date: 25 Sep 2026
• Meeting with airport representatives on compliance and labelling | Owner: Davide Fontana | Due Date: 25 Sep 2026
• Identify local auditors for statutory requirements | Owner: Paolo Marchetti | Due Date: 26 Sep 2026
• Concession contract review and signature – Schiphol | Owner: Giulia Rinaldi | Due Date: 30 Sep 2026
• Check additional documentation required for hardware shipment | Owner: Stefano Galli | Due Date: 01 Oct 2026
• Construction permit submission to Schiphol | Owner: Alessandro Riva | Due Date: 02 Oct 2026
• Change of local company representative / authorized signatory | Owner: Marco Ferri | Due Date: 03 Oct 2026
• Country blacklist verification for candidates | Owner: Nicoletta Bisaro | Due Date: 04 Oct 2026
• Assess impact of contract signature on recruiting and construction permit | Owner: Giulia Rinaldi | Due Date: 05 Oct 2026

BLOCKERS / DECISIONS REQUIRED
• BLOCKER – Hardware purchase (POS, back-office PCs, printers): Awaiting budget release for hardware PO | Owner: Stefano Galli
• BLOCKER – Salesforce users for store team: Waiting for Retail ticket to be raised | Owner: Chiara De Luca","AMSTERDAM AIRPORT
Opening Store: 05 Mar 2027
Last SAL: 07 Sep 2026
Current SAL: 14 Sep 2026
Overall completion: 27% · Days to opening: 172

1. CORPORATE / LEGAL
• Local VAT and EORI registration check: completed → Completed | Owner: Roberto Villa
• Change of local company representative / authorized signatory: progressed to 40% (from 20%). Update: Draft notarial deed shared with local notary → In Progress | Owner: Marco Ferri

2. CONTRACT
• Concession contract review and signature – Schiphol: progressed to 65% (from 50%). Update: Second round of legal comments sent to Schiphol → In Progress | Owner: Giulia Rinaldi

3. IT
• Airport IT integration requirements (network security, VLAN, firewall): progressed to 40% (from 20%) → In Progress | Owner: Luca Bernardi

SAP
• Set-up and testing of flows (sales, replenishment, returns): started; progressed to 20% (from 0%) → In Progress | Owner: Andrea Colombo

ERP
• Handling company meeting to clarify customs and transport flows: started; progressed to 30% (from 0%) → In Progress | Owner: Andrea Colombo

POS
• Payment terminals (PSP) contract for the Netherlands: progressed to 50% (from 20%) → In Progress | Owner: Francesca Moretti
• POS integration with airport systems (sales reporting to Schiphol): progressed to 25% (from 10%) → In Progress | Owner: Francesca Moretti

CRM
• Salesforce users for store team: blocked – waiting for Retail ticket to be raised; status moved from Not Started to On Hold → On Hold | Owner: Chiara De Luca

4. LOGISTICS & CUSTOMS
• Handling company discussion on customs and merchandise flow: progressed to 40% (from 20%) → In Progress | Owner: Elena Conti

5. HR
• Recruiting store team (Store Manager + 8 Sales Associates): progressed to 40% (from 20%) → In Progress | Owner: Nicoletta Bisaro

6. RETAIL
• Opening event and PR activation: status moved from Not Started to N/A. Update: Not planned for airport store (landlord restrictions on events) → N/A | Owner: Martina Ricci
• Travel concept definition: progressed to 50% (from 30%) → In Progress | Owner: Martina Ricci

NEXT STEPS / OPEN POINTS
• Store master data set-up in SAP (plant, storage locations) | Owner: Andrea Colombo | Due Date: 14 Sep 2026
• Landlord fit-out guidelines sign-off | Owner: Alessandro Riva | Due Date: 16 Sep 2026
• Store consumables list | Owner: Sara Lombardi | Due Date: 19 Sep 2026
• Recruiting store team (Store Manager + 8 Sales Associates) | Owner: Nicoletta Bisaro | Due Date: 20 Sep 2026
• Payment terminals (PSP) contract for the Netherlands | Owner: Francesca Moretti | Due Date: 22 Sep 2026
• Handling company meeting to clarify customs and transport flows | Owner: Andrea Colombo | Due Date: 23 Sep 2026
• Airport IT integration requirements (network security, VLAN, firewall) | Owner: Luca Bernardi | Due Date: 24 Sep 2026
• Local bank account and cash-in-transit service | Owner: Paolo Marchetti | Due Date: 25 Sep 2026
• Meeting with airport representatives on compliance and labelling | Owner: Davide Fontana | Due Date: 25 Sep 2026
• Identify local auditors for statutory requirements | Owner: Paolo Marchetti | Due Date: 26 Sep 2026
• Concession contract review and signature – Schiphol | Owner: Giulia Rinaldi | Due Date: 30 Sep 2026
• Check additional documentation required for hardware shipment | Owner: Stefano Galli | Due Date: 01 Oct 2026
• Construction permit submission to Schiphol | Owner: Alessandro Riva | Due Date: 02 Oct 2026
• Change of local company representative / authorized signatory | Owner: Marco Ferri | Due Date: 03 Oct 2026
• Country blacklist verification for candidates | Owner: Nicoletta Bisaro | Due Date: 04 Oct 2026
• Assess impact of contract signature on recruiting and construction permit | Owner: Giulia Rinaldi | Due Date: 05 Oct 2026

BLOCKERS / DECISIONS REQUIRED
• BLOCKER – Hardware purchase (POS, back-office PCs, printers): Awaiting budget release for hardware PO | Owner: Stefano Galli
• BLOCKER – Salesforce users for store team: Waiting for Retail ticket to be raised | Owner: Chiara De Luca",TRUE,PMO Admin,"{""doc"":{""title"":""AMSTERDAM AIRPORT"",""headerLines"":[""Opening Store: 05 Mar 2027"",""Last SAL: 07 Sep 2026"",""Current SAL: 14 Sep 2026"",""Overall completion: 27% · Days to opening: 172""],""sections"":[{""id"":""smulgc2oa2rkez"",""kind"":""area"",""title"":""CORPORATE / LEGAL"",""numbered"":true,""groups"":[{""id"":""gmulgc2oa2uvhs"",""subtitle"":"""",""bullets"":[{""id"":""bmulgc2oa2sgxz"",""text"":""Local VAT and EORI registration check: completed → Completed | Owner: Roberto Villa"",""taskId"":""AMS-CORP-003""},{""id"":""bmulgc2oa2tz0x"",""text"":""Change of local company representative / authorized signatory: progressed to 40% (from 20%). Update: Draft notarial deed shared with local notary → In Progress | Owner: Marco Ferri"",""taskId"":""AMS-CORP-001""}]}]},{""id"":""smulgc2oa2vt21"",""kind"":""area"",""title"":""CONTRACT"",""numbered"":true,""groups"":[{""id"":""gmulgc2oa2xe4z"",""subtitle"":"""",""bullets"":[{""id"":""bmulgc2oa2w0d4"",""text"":""Concession contract review and signature – Schiphol: progressed to 65% (from 50%). Update: Second round of legal comments sent to Schiphol → In Progress | Owner: Giulia Rinaldi"",""taskId"":""AMS-CON-001""}]}]},{""id"":""smulgc2oa2yp4b"",""kind"":""area"",""title"":""IT"",""numbered"":true,""groups"":[{""id"":""gmulgc2oa30j5r"",""subtitle"":"""",""bullets"":[{""id"":""bmulgc2oa2z3rb"",""text"":""Airport IT integration requirements (network security, VLAN, firewall): progressed to 40% (from 20%) → In Progress | Owner: Luca Bernardi"",""taskId"":""AMS-IT-002""}]},{""id"":""gmulgc2oa328my"",""subtitle"":""SAP"",""bullets"":[{""id"":""bmulgc2oa31jbq"",""text"":""Set-up and testing of flows (sales, replenishment, returns): started; progressed to 20% (from 0%) → In Progress | Owner: Andrea Colombo"",""taskId"":""AMS-SAP-002""}]},{""id"":""gmulgc2oa34qaa"",""subtitle"":""ERP"",""bullets"":[{""id"":""bmulgc2oa332rb"",""text"":""Handling company meeting to clarify customs and transport flows: started; progressed to 30% (from 0%) → In Progress | Owner: Andrea Colombo"",""taskId"":""AMS-ERP-001""}]},{""id"":""gmulgc2oa37uli"",""subtitle"":""POS"",""bullets"":[{""id"":""bmulgc2oa358cf"",""text"":""Payment terminals (PSP) contract for the Netherlands: progressed to 50% (from 20%) → In Progress | Owner: Francesca Moretti"",""taskId"":""AMS-POS-003""},{""id"":""bmulgc2oa36ogp"",""text"":""POS integration with airport systems (sales reporting to Schiphol): progressed to 25% (from 10%) → In Progress | Owner: Francesca Moretti"",""taskId"":""AMS-POS-001""}]},{""id"":""gmulgc2oa391jz"",""subtitle"":""CRM"",""bullets"":[{""id"":""bmulgc2oa38fot"",""text"":""Salesforce users for store team: blocked – waiting for Retail ticket to be raised; status moved from Not Started to On Hold → On Hold | Owner: Chiara De Luca"",""taskId"":""AMS-CRM-001""}]}]},{""id"":""smulgc2oa3aiqm"",""kind"":""area"",""title"":""LOGISTICS & CUSTOMS"",""numbered"":true,""groups"":[{""id"":""gmulgc2oa3ca1z"",""subtitle"":"""",""bullets"":[{""id"":""bmulgc2oa3bl4o"",""text"":""Handling company discussion on customs and merchandise flow: progressed to 40% (from 20%) → In Progress | Owner: Elena Conti"",""taskId"":""AMS-LOG-001""}]}]},{""id"":""smulgc2oa3d34m"",""kind"":""area"",""title"":""HR"",""numbered"":true,""groups"":[{""id"":""gmulgc2oa3fd0p"",""subtitle"":"""",""bullets"":[{""id"":""bmulgc2oa3emm0"",""text"":""Recruiting store team (Store Manager + 8 Sales Associates): progressed to 40% (from 20%) → In Progress | Owner: Nicoletta Bisaro"",""taskId"":""AMS-HR-002""}]}]},{""id"":""smulgc2oa3gn9u"",""kind"":""area"",""title"":""RETAIL"",""numbered"":true,""groups"":[{""id"":""gmulgc2oa3jrze"",""subtitle"":"""",""bullets"":[{""id"":""bmulgc2oa3hxr9"",""text"":""Opening event and PR activation: status moved from Not Started to N/A. Update: Not planned for airport store (landlord restrictions on events) → N/A | Owner: Martina Ricci"",""taskId"":""AMS-RET-003""},{""id"":""bmulgc2oa3iq3r"",""text"":""Travel concept definition: progressed to 50% (from 30%) → In Progress | Owner: Martina Ricci"",""taskId"":""AMS-RET-001""}]}]},{""id"":""smulgc2oa3k4wp"",""kind"":""next"",""title"":""NEXT STEPS / OPEN POINTS"",""numbered"":false,""groups"":[{""id"":""gmulgc2oa416ae"",""subtitle"":"""",""bullets"":[{""id"":""bmulgc2oa3l0hg"",""text"":""Store master data set-up in SAP (plant, storage locations) | Owner: Andrea Colombo | Due Date: 14 Sep 2026"",""taskId"":""AMS-SAP-001""},{""id"":""bmulgc2oa3menm"",""text"":""Landlord fit-out guidelines sign-off | Owner: Alessandro Riva | Due Date: 16 Sep 2026"",""taskId"":""AMS-CON-003""},{""id"":""bmulgc2oa3ngfe"",""text"":""Store consumables list | Owner: Sara Lombardi | Due Date: 19 Sep 2026"",""taskId"":""AMS-IM-002""},{""id"":""bmulgc2oa3ox65"",""text"":""Recruiting store team (Store Manager + 8 Sales Associates) | Owner: Nicoletta Bisaro | Due Date: 20 Sep 2026"",""taskId"":""AMS-HR-002""},{""id"":""bmulgc2oa3pvyc"",""text"":""Payment terminals (PSP) contract for the Netherlands | Owner: Francesca Moretti | Due Date: 22 Sep 2026"",""taskId"":""AMS-POS-003""},{""id"":""bmulgc2oa3q00b"",""text"":""Handling company meeting to clarify customs and transport flows | Owner: Andrea Colombo | Due Date: 23 Sep 2026"",""taskId"":""AMS-ERP-001""},{""id"":""bmulgc2oa3r8vz"",""text"":""Airport IT integration requirements (network security, VLAN, firewall) | Owner: Luca Bernardi | Due Date: 24 Sep 2026"",""taskId"":""AMS-IT-002""},{""id"":""bmulgc2oa3svsx"",""text"":""Local bank account and cash-in-transit service | Owner: Paolo Marchetti | Due Date: 25 Sep 2026"",""taskId"":""AMS-FIN-002""},{""id"":""bmulgc2oa3tais"",""text"":""Meeting with airport representatives on compliance and labelling | Owner: Davide Fontana | Due Date: 25 Sep 2026"",""taskId"":""AMS-CMP-001""},{""id"":""bmulgc2oa3uon6"",""text"":""Identify local auditors for statutory requirements | Owner: Paolo Marchetti | Due Date: 26 Sep 2026"",""taskId"":""AMS-FIN-001""},{""id"":""bmulgc2oa3v2s3"",""text"":""Concession contract review and signature – Schiphol | Owner: Giulia Rinaldi | Due Date: 30 Sep 2026"",""taskId"":""AMS-CON-001""},{""id"":""bmulgc2oa3wjp1"",""text"":""Check additional documentation required for hardware shipment | Owner: Stefano Galli | Due Date: 01 Oct 2026"",""taskId"":""AMS-ITH-002""},{""id"":""bmulgc2oa3x2zu"",""text"":""Construction permit submission to Schiphol | Owner: Alessandro Riva | Due Date: 02 Oct 2026"",""taskId"":""AMS-SP-002""},{""id"":""bmulgc2oa3y3xj"",""text"":""Change of local company representative / authorized signatory | Owner: Marco Ferri | Due Date: 03 Oct 2026"",""taskId"":""AMS-CORP-001""},{""id"":""bmulgc2oa3z66c"",""text"":""Country blacklist verification for candidates | Owner: Nicoletta Bisaro | Due Date: 04 Oct 2026"",""taskId"":""AMS-HR-005""},{""id"":""bmulgc2oa40u0j"",""text"":""Assess impact of contract signature on recruiting and construction permit | Owner: Giulia Rinaldi | Due Date: 05 Oct 2026"",""taskId"":""AMS-CON-002""}]}]},{""id"":""smulgc2oa44soy"",""kind"":""blockers"",""title"":""BLOCKERS / DECISIONS REQUIRED"",""numbered"":false,""groups"":[{""id"":""gmulgc2oa45sk8"",""subtitle"":"""",""bullets"":[{""id"":""bmulgc2oa422yg"",""text"":""BLOCKER – Hardware purchase (POS, back-office PCs, printers): Awaiting budget release for hardware PO | Owner: Stefano Galli"",""taskId"":""AMS-ITH-001""},{""id"":""bmulgc2oa436qt"",""text"":""BLOCKER – Salesforce users for store team: Waiting for Retail ticket to be raised | Owner: Chiara De Luca"",""taskId"":""AMS-CRM-001""}]}]}],""comments"":"""",""templateId"":""standard""},""included"":[{""taskId"":""AMS-CORP-003"",""area"":""CORP"",""signals"":[""completed""]},{""taskId"":""AMS-CORP-001"",""area"":""CORP"",""signals"":[""progress"",""note""]},{""taskId"":""AMS-CON-001"",""area"":""CON"",""signals"":[""progress"",""note""]},{""taskId"":""AMS-IT-002"",""area"":""IT"",""signals"":[""progress""]},{""taskId"":""AMS-SAP-002"",""area"":""SAP"",""signals"":[""status"",""progress""]},{""taskId"":""AMS-ERP-001"",""area"":""ERP"",""signals"":[""status"",""progress""]},{""taskId"":""AMS-POS-003"",""area"":""POS"",""signals"":[""progress""]},{""taskId"":""AMS-POS-001"",""area"":""POS"",""signals"":[""progress""]},{""taskId"":""AMS-CRM-001"",""area"":""CRM"",""signals"":[""newBlocker"",""status""]},{""taskId"":""AMS-LOG-001"",""area"":""LOG"",""signals"":[""progress""]},{""taskId"":""AMS-HR-002"",""area"":""HR"",""signals"":[""progress""]},{""taskId"":""AMS-RET-003"",""area"":""RET"",""signals"":[""status"",""note""]},{""taskId"":""AMS-RET-001"",""area"":""RET"",""signals"":[""progress""]}]}","{""kpis"":{""progress"":27,""daysToOpening"":172,""open"":46,""completed"":5,""blocked"":2,""overdue"":0,""dueSoon"":10,""decisions"":0},""store"":{""Opening_Date"":""2027-03-05"",""Opening_Date_Status"":""Confirmed"",""Risk_Level"":""Medium"",""Overall_Status"":""In Progress""},""areas"":[{""id"":""CORP"",""name"":""Corporate / Legal"",""progress"":47,""status"":""In Progress"",""tasks"":3,""overdue"":0,""blocked"":0},{""id"":""CON"",""name"":""Contract"",""progress"":42,""status"":""In Progress"",""tasks"":3,""overdue"":0,""blocked"":0},{""id"":""IT"",""name"":""IT"",""progress"":70,""status"":""In Progress"",""tasks"":2,""overdue"":0,""blocked"":0},{""id"":""SAP"",""name"":""SAP"",""progress"":33,""status"":""In Progress"",""tasks"":3,""overdue"":0,""blocked"":0},{""id"":""ERP"",""name"":""ERP"",""progress"":15,""status"":""In Progress"",""tasks"":2,""overdue"":0,""blocked"":0},{""id"":""POS"",""name"":""POS"",""progress"":25,""status"":""In Progress"",""tasks"":3,""overdue"":0,""blocked"":0},{""id"":""ITH"",""name"":""IT Hardware"",""progress"":15,""status"":""Blocked"",""tasks"":2,""overdue"":0,""blocked"":1},{""id"":""CRM"",""name"":""CRM"",""progress"":0,""status"":""Blocked"",""tasks"":2,""overdue"":0,""blocked"":1},{""id"":""NET"",""name"":""Connectivity"",""progress"":5,""status"":""In Progress"",""tasks"":2,""overdue"":0,""blocked"":0},{""id"":""TEL"",""name"":""Telephony"",""progress"":0,""status"":""In Progress"",""tasks"":2,""overdue"":0,""blocked"":0},{""id"":""FIN"",""name"":""Finance & Administration"",""progress"":63,""status"":""In Progress"",""tasks"":3,""overdue"":0,""blocked"":0},{""id"":""LOG"",""name"":""Logistics & Customs"",""progress"":17,""status"":""In Progress"",""tasks"":3,""overdue"":0,""blocked"":0},{""id"":""CMP"",""name"":""Compliance & Labelling"",""progress"":0,""status"":""Not Started"",""tasks"":2,""overdue"":0,""blocked"":0},{""id"":""HR"",""name"":""HR"",""progress"":27,""status"":""In Progress"",""tasks"":6,""overdue"":0,""blocked"":0},{""id"":""SP"",""name"":""Store Planning"",""progress"":34,""status"":""In Progress"",""tasks"":5,""overdue"":0,""blocked"":0},{""id"":""IM"",""name"":""Indirect Materials"",""progress"":35,""status"":""In Progress"",""tasks"":2,""overdue"":0,""blocked"":0},{""id"":""AR"",""name"":""Allocation & Replenishment"",""progress"":10,""status"":""In Progress"",""tasks"":2,""overdue"":0,""blocked"":0},{""id"":""GS"",""name"":""General Services"",""progress"":10,""status"":""In Progress"",""tasks"":2,""overdue"":0,""blocked"":0},{""id"":""RET"",""name"":""Retail"",""progress"":25,""status"":""In Progress"",""tasks"":3,""overdue"":0,""blocked"":0}],""tasks"":{""AMS-CORP-001"":{""t"":""Change of local company representative / authorized signatory"",""a"":""CORP"",""s"":""In Progress"",""p"":40,""d"":""2026-10-03"",""o"":""Marco Ferri"",""r"":""Medium"",""pr"":""High"",""b"":"""",""dr"":""""},""AMS-CORP-002"":{""t"":""Power of attorney for Store Manager (local operations)"",""a"":""CORP"",""s"":""Not Started"",""p"":0,""d"":""2026-11-27"",""o"":""Marco Ferri"",""r"":""Low"",""pr"":""Medium"",""b"":"""",""dr"":""""},""AMS-CORP-003"":{""t"":""Local VAT and EORI registration check"",""a"":""CORP"",""s"":""Completed"",""p"":100,""d"":""2026-09-13"",""o"":""Roberto Villa"",""r"":""Low"",""pr"":""Medium"",""b"":"""",""dr"":""""},""AMS-CON-001"":{""t"":""Concession contract review and signature – Schiphol"",""a"":""CON"",""s"":""In Progress"",""p"":65,""d"":""2026-09-30"",""o"":""Giulia Rinaldi"",""r"":""High"",""pr"":""High"",""b"":"""",""dr"":""""},""AMS-CON-002"":{""t"":""Assess impact of contract signature on recruiting and construction permit"",""a"":""CON"",""s"":""Not Started"",""p"":0,""d"":""2026-10-05"",""o"":""Giulia Rinaldi"",""r"":""Medium"",""pr"":""Medium"",""b"":"""",""dr"":""""},""AMS-CON-003"":{""t"":""Landlord fit-out guidelines sign-off"",""a"":""CON"",""s"":""In Progress"",""p"":60,""d"":""2026-09-16"",""o"":""Alessandro Riva"",""r"":""Low"",""pr"":""Medium"",""b"":"""",""dr"":""""},""AMS-IT-001"":{""t"":""IT project kick-off with Schiphol IT"",""a"":""IT"",""s"":""Completed"",""p"":100,""d"":""2026-08-29"",""o"":""Luca Bernardi"",""r"":""Low"",""pr"":""Medium"",""b"":"""",""dr"":""""},""AMS-IT-002"":{""t"":""Airport IT integration requirements (network security, VLAN, firewall)"",""a"":""IT"",""s"":""In Progress"",""p"":40,""d"":""2026-09-24"",""o"":""Luca Bernardi"",""r"":""Medium"",""pr"":""High"",""b"":"""",""dr"":""""},""AMS-SAP-001"":{""t"":""Store master data set-up in SAP (plant, storage locations)"",""a"":""SAP"",""s"":""In Progress"",""p"":80,""d"":""2026-09-14"",""o"":""Andrea Colombo"",""r"":""Low"",""pr"":""Medium"",""b"":"""",""dr"":""""},""AMS-SAP-002"":{""t"":""Set-up and testing of flows (sales, replenishment, returns)"",""a"":""SAP"",""s"":""In Progress"",""p"":20,""d"":""2026-10-18"",""o"":""Andrea Colombo"",""r"":""Low"",""pr"":""Medium"",""b"":"""",""dr"":""""},""AMS-SAP-003"":{""t"":""Duty-free pricing conditions and tax codes in SAP"",""a"":""SAP"",""s"":""Not Started"",""p"":0,""d"":""2026-11-07"",""o"":""Andrea Colombo"",""r"":""Low"",""pr"":""Medium"",""b"":"""",""dr"":""""},""AMS-ERP-001"":{""t"":""Handling company meeting to clarify customs and transport flows"",""a"":""ERP"",""s"":""In Progress"",""p"":30,""d"":""2026-09-23"",""o"":""Andrea Colombo"",""r"":""Low"",""pr"":""Medium"",""b"":"""",""dr"":""""},""AMS-ERP-002"":{""t"":""Bonded-stock flow configuration (airside)"",""a"":""ERP"",""s"":""Not Started"",""p"":0,""d"":""2026-11-02"",""o"":""Andrea Colombo"",""r"":""Low"",""pr"":""Medium"",""b"":"""",""dr"":""""},""AMS-POS-001"":{""t"":""POS integration with airport systems (sales reporting to Schiphol)"",""a"":""POS"",""s"":""In Progress"",""p"":25,""d"":""2026-10-28"",""o"":""Francesca Moretti"",""r"":""High"",""pr"":""High"",""b"":"""",""dr"":""""},""AMS-POS-002"":{""t"":""Boarding-pass scanning integration"",""a"":""POS"",""s"":""Not Started"",""p"":0,""d"":""2026-12-12"",""o"":""Francesca Moretti"",""r"":""Medium"",""pr"":""Medium"",""b"":"""",""dr"":""""},""AMS-POS-003"":{""t"":""Payment terminals (PSP) contract for the Netherlands"",""a"":""POS"",""s"":""In Progress"",""p"":50,""d"":""2026-09-22"",""o"":""Francesca Moretti"",""r"":""Medium"",""pr"":""Medium"",""b"":"""",""dr"":""""},""AMS-ITH-001"":{""t"":""Hardware purchase (POS, back-office PCs, printers)"",""a"":""ITH"",""s"":""On Hold"",""p"":10,""d"":""2026-10-23"",""o"":""Stefano Galli"",""r"":""Low"",""pr"":""Medium"",""b"":""Awaiting budget release for hardware PO"",""dr"":""""},""AMS-ITH-002"":{""t"":""Check additional documentation required for hardware shipment"",""a"":""ITH"",""s"":""In Progress"",""p"":20,""d"":""2026-10-01"",""o"":""Stefano Galli"",""r"":""Medium"",""pr"":""Medium"",""b"":"""",""dr"":""""},""AMS-CRM-001"":{""t"":""Salesforce users for store team"",""a"":""CRM"",""s"":""On Hold"",""p"":0,""d"":""2026-10-08"",""o"":""Chiara De Luca"",""r"":""Medium"",""pr"":""Medium"",""b"":""Waiting for Retail ticket to be raised"",""dr"":""""},""AMS-CRM-002"":{""t"":""Customer journey set-up (travel retail)"",""a"":""CRM"",""s"":""On Hold"",""p"":0,""d"":""2026-11-17"",""o"":""Chiara De Luca"",""r"":""Low"",""pr"":""Medium"",""b"":"""",""dr"":""""},""AMS-NET-001"":{""t"":""Internet line activation"",""a"":""NET"",""s"":""In Progress"",""p"":10,""d"":""2026-10-23"",""o"":""Stefano Galli"",""r"":""Low"",""pr"":""Medium"",""b"":"""",""dr"":""""},""AMS-NET-002"":{""t"":""In-store network and Wi-Fi design"",""a"":""NET"",""s"":""Not Started"",""p"":0,""d"":""2026-12-07"",""o"":""Stefano Galli"",""r"":""Low"",""pr"":""Medium"",""b"":"""",""dr"":""""},""AMS-TEL-001"":{""t"":""Order Apple devices for store team"",""a"":""TEL"",""s"":""On Hold"",""p"":0,""d"":""2026-11-12"",""o"":""Stefano Galli"",""r"":""Low"",""pr"":""Medium"",""b"":"""",""dr"":""""},""AMS-TEL-002"":{""t"":""SIM activation coordinated with Store Manager"",""a"":""TEL"",""s"":""Not Started"",""p"":0,""d"":""2027-01-06"",""o"":""Stefano Galli"",""r"":""Low"",""pr"":""Medium"",""b"":"""",""dr"":""""},""AMS-FIN-001"":{""t"":""Identify local auditors for statutory requirements"",""a"":""FIN"",""s"":""In Progress"",""p"":20,""d"":""2026-09-26"",""o"":""Paolo Marchetti"",""r"":""Medium"",""pr"":""Medium"",""b"":"""",""dr"":""""},""AMS-FIN-002"":{""t"":""Local bank account and cash-in-transit service"",""a"":""FIN"",""s"":""In Progress"",""p"":70,""d"":""2026-09-25"",""o"":""Paolo Marchetti"",""r"":""Low"",""pr"":""Medium"",""b"":"""",""dr"":""""},""AMS-FIN-003"":{""t"":""Store budget and capex approval"",""a"":""FIN"",""s"":""Completed"",""p"":100,""d"":""2026-08-31"",""o"":""Paolo Marchetti"",""r"":""Low"",""pr"":""Medium"",""b"":"""",""dr"":""""},""AMS-LOG-001"":{""t"":""Handling company discussion on customs and merchandise flow"",""a"":""LOG"",""s"":""In Progress"",""p"":40,""d"":""2026-10-06"",""o"":""Elena Conti"",""r"":""Medium"",""pr"":""Medium"",""b"":"""",""dr"":""""},""AMS-LOG-002"":{""t"":""Customs warehouse (bonded) authorization"",""a"":""LOG"",""s"":""In Progress"",""p"":10,""d"":""2026-11-07"",""o"":""Elena Conti"",""r"":""High"",""pr"":""High"",""b"":"""",""dr"":""""},""AMS-LOG-003"":{""t"":""First merchandise shipment planning"",""a"":""LOG"",""s"":""Not Started"",""p"":0,""d"":""2027-01-26"",""o"":""Elena Conti"",""r"":""Low"",""pr"":""Medium"",""b"":"""",""dr"":""""},""AMS-CMP-001"":{""t"":""Meeting with airport representatives on compliance and labelling"",""a"":""CMP"",""s"":""Not Started"",""p"":0,""d"":""2026-09-25"",""o"":""Davide Fontana"",""r"":""Medium"",""pr"":""Medium"",""b"":"""",""dr"":""""},""AMS-CMP-002"":{""t"":""Product labelling requirements check (NL/EN)"",""a"":""CMP"",""s"":""Not Started"",""p"":0,""d"":""2026-11-17"",""o"":""Davide Fontana"",""r"":""Low"",""pr"":""Medium"",""b"":"""",""dr"":""""},""AMS-HR-001"":{""t"":""Define store organization chart"",""a"":""HR"",""s"":""Completed"",""p"":100,""d"":""2026-09-08"",""o"":""Nicoletta Bisaro"",""r"":""Low"",""pr"":""Medium"",""b"":"""",""dr"":""""},""AMS-HR-002"":{""t"":""Recruiting store team (Store Manager + 8 Sales Associates)"",""a"":""HR"",""s"":""In Progress"",""p"":40,""d"":""2026-09-20"",""o"":""Nicoletta Bisaro"",""r"":""Medium"",""pr"":""High"",""b"":"""",""dr"":""""},""AMS-HR-003"":{""t"":""Airport access passes for store staff"",""a"":""HR"",""s"":""Not Started"",""p"":0,""d"":""2026-11-07"",""o"":""Nicoletta Bisaro"",""r"":""High"",""pr"":""High"",""b"":"""",""dr"":""""},""AMS-HR-004"":{""t"":""Job offers to selected candidates"",""a"":""HR"",""s"":""On Hold"",""p"":0,""d"":""2026-10-10"",""o"":""Nicoletta Bisaro"",""r"":""High"",""pr"":""Medium"",""b"":"""",""dr"":""""},""AMS-HR-005"":{""t"":""Country blacklist verification for candidates"",""a"":""HR"",""s"":""In Progress"",""p"":20,""d"":""2026-10-04"",""o"":""Nicoletta Bisaro"",""r"":""Medium"",""pr"":""Medium"",""b"":"""",""dr"":""""},""AMS-HR-006"":{""t"":""Training plan and onboarding at Milan HQ"",""a"":""HR"",""s"":""Not Started"",""p"":0,""d"":""2027-01-16"",""o"":""Nicoletta Bisaro"",""r"":""Low"",""pr"":""Medium"",""b"":"""",""dr"":""""},""AMS-SP-001"":{""t"":""Store design final approval"",""a"":""SP"",""s"":""Completed"",""p"":100,""d"":""2026-09-03"",""o"":""Alessandro Riva"",""r"":""Low"",""pr"":""Medium"",""b"":"""",""dr"":""""},""AMS-SP-002"":{""t"":""Construction permit submission to Schiphol"",""a"":""SP"",""s"":""In Progress"",""p"":40,""d"":""2026-10-02"",""o"":""Alessandro Riva"",""r"":""High"",""pr"":""High"",""b"":"""",""dr"":""""},""AMS-SP-003"":{""t"":""Construction start on site"",""a"":""SP"",""s"":""Not Started"",""p"":0,""d"":""2027-01-06"",""o"":""Alessandro Riva"",""r"":""Medium"",""pr"":""High"",""b"":"""",""dr"":""""},""AMS-SP-004"":{""t"":""Contractor access pass process"",""a"":""SP"",""s"":""In Progress"",""p"":30,""d"":""2026-10-12"",""o"":""Alessandro Riva"",""r"":""Medium"",""pr"":""Medium"",""b"":"""",""dr"":""""},""AMS-SP-005"":{""t"":""Furniture production and delivery"",""a"":""SP"",""s"":""Not Started"",""p"":0,""d"":""2027-02-05"",""o"":""Alessandro Riva"",""r"":""Medium"",""pr"":""Medium"",""b"":"""",""dr"":""""},""AMS-IM-001"":{""t"":""Indirect materials orders (packaging, shopping bags, consumables)"",""a"":""IM"",""s"":""In Progress"",""p"":20,""d"":""2026-10-10"",""o"":""Sara Lombardi"",""r"":""Low"",""pr"":""Medium"",""b"":"""",""dr"":""""},""AMS-IM-002"":{""t"":""Store consumables list"",""a"":""IM"",""s"":""In Progress"",""p"":50,""d"":""2026-09-19"",""o"":""Sara Lombardi"",""r"":""Low"",""pr"":""Medium"",""b"":"""",""dr"":""""},""AMS-AR-001"":{""t"":""Travel products and assortment coordination"",""a"":""AR"",""s"":""In Progress"",""p"":20,""d"":""2026-10-28"",""o"":""Matteo Greco"",""r"":""Medium"",""pr"":""Medium"",""b"":"""",""dr"":""""},""AMS-AR-002"":{""t"":""Opening allocation plan"",""a"":""AR"",""s"":""Not Started"",""p"":0,""d"":""2027-01-16"",""o"":""Matteo Greco"",""r"":""Low"",""pr"":""Medium"",""b"":"""",""dr"":""""},""AMS-GS-001"":{""t"":""Cleaning and maintenance supplier discussions"",""a"":""GS"",""s"":""In Progress"",""p"":20,""d"":""2026-10-18"",""o"":""Valentina Costa"",""r"":""Low"",""pr"":""Medium"",""b"":"""",""dr"":""""},""AMS-GS-002"":{""t"":""Security and alarm service"",""a"":""GS"",""s"":""Not Started"",""p"":0,""d"":""2026-12-17"",""o"":""Valentina Costa"",""r"":""Low"",""pr"":""Medium"",""b"":"""",""dr"":""""},""AMS-RET-001"":{""t"":""Travel concept definition"",""a"":""RET"",""s"":""In Progress"",""p"":50,""d"":""2026-10-13"",""o"":""Martina Ricci"",""r"":""Medium"",""pr"":""High"",""b"":"""",""dr"":""""},""AMS-RET-002"":{""t"":""Store Manager onboarding and opening plan"",""a"":""RET"",""s"":""Not Started"",""p"":0,""d"":""2027-02-05"",""o"":""Federico Mancini"",""r"":""Low"",""pr"":""Medium"",""b"":"""",""dr"":""""},""AMS-RET-003"":{""t"":""Opening event and PR activation"",""a"":""RET"",""s"":""N/A"",""p"":0,""d"":""2027-02-25"",""o"":""Martina Ricci"",""r"":""Low"",""pr"":""Medium"",""b"":"""",""dr"":""""}}}"
SAL-AMS-20260921,AMS,2026-09-21,2026-09-14,2026-09-14T11:30:00.000Z,2026-09-21T11:26:00.000Z,2026-09-21T11:30:00.000Z,"AMSTERDAM AIRPORT
Opening Store: 05 Mar 2027
Last SAL: 14 Sep 2026
Current SAL: 21 Sep 2026
Overall completion: 33% · Days to opening: 165

1. CORPORATE / LEGAL
• Change of local company representative / authorized signatory: progressed to 60% (from 40%) → In Progress | Owner: Marco Ferri

2. CONTRACT
• Assess impact of contract signature on recruiting and construction permit: started; progressed to 30% (from 0%) → In Progress | Owner: Giulia Rinaldi
• Landlord fit-out guidelines sign-off: completed → Completed | Owner: Alessandro Riva
• Concession contract review and signature – Schiphol: progressed to 80% (from 65%) → In Progress | Owner: Giulia Rinaldi

3. IT
SAP
• Store master data set-up in SAP (plant, storage locations): completed → Completed | Owner: Andrea Colombo
• Set-up and testing of flows (sales, replenishment, returns): progressed to 35% (from 20%) → In Progress | Owner: Andrea Colombo

POS
• POS integration with airport systems (sales reporting to Schiphol): progressed to 40% (from 25%) → In Progress | Owner: Francesca Moretti

Connectivity
• Internet line activation: progressed to 30% (from 10%). Update: Airport representatives contacted for internet activation → In Progress | Owner: Stefano Galli

4. FINANCE & ADMINISTRATION
• Identify local auditors for statutory requirements: progressed to 50% (from 20%) → In Progress | Owner: Paolo Marchetti

5. LOGISTICS & CUSTOMS
• Customs warehouse (bonded) authorization: progressed to 25% (from 10%) → In Progress | Owner: Elena Conti

6. HR
• Recruiting store team (Store Manager + 8 Sales Associates): overdue by 1 day (due 20 Sep) → In Progress | Owner: Nicoletta Bisaro
• Job offers to selected candidates: decision required: authorize job offers before concession contract signature? → On Hold | Owner: Nicoletta Bisaro

7. STORE PLANNING
• Construction permit submission to Schiphol: progressed to 70% (from 40%). Update: Permit file ready; submission subject to contract signature → In Progress | Owner: Alessandro Riva

8. INDIRECT MATERIALS
• Indirect materials orders (packaging, shopping bags, consumables): blocked – orders waiting for customer code from Finance → Blocked | Owner: Sara Lombardi
• Store consumables list: completed → Completed | Owner: Sara Lombardi

9. ALLOCATION & REPLENISHMENT
• Travel products and assortment coordination: decision required: confirm travel-exclusive capsule quantities with Merchandising → In Progress | Owner: Matteo Greco

10. RETAIL
• Travel concept definition: progressed to 60% (from 50%) → In Progress | Owner: Martina Ricci

NEXT STEPS / OPEN POINTS
• Recruiting store team (Store Manager + 8 Sales Associates) | Owner: Nicoletta Bisaro | Due Date: 20 Sep 2026 (overdue +1d)
• Payment terminals (PSP) contract for the Netherlands | Owner: Francesca Moretti | Due Date: 22 Sep 2026
• Handling company meeting to clarify customs and transport flows | Owner: Andrea Colombo | Due Date: 23 Sep 2026
• Airport IT integration requirements (network security, VLAN, firewall) | Owner: Luca Bernardi | Due Date: 24 Sep 2026
• Local bank account and cash-in-transit service | Owner: Paolo Marchetti | Due Date: 25 Sep 2026
• Meeting with airport representatives on compliance and labelling | Owner: Davide Fontana | Due Date: 25 Sep 2026
• Identify local auditors for statutory requirements | Owner: Paolo Marchetti | Due Date: 26 Sep 2026
• Concession contract review and signature – Schiphol | Owner: Giulia Rinaldi | Due Date: 30 Sep 2026
• Check additional documentation required for hardware shipment | Owner: Stefano Galli | Due Date: 01 Oct 2026
• Construction permit submission to Schiphol | Owner: Alessandro Riva | Due Date: 02 Oct 2026
• Change of local company representative / authorized signatory | Owner: Marco Ferri | Due Date: 03 Oct 2026
• Country blacklist verification for candidates | Owner: Nicoletta Bisaro | Due Date: 04 Oct 2026
• Assess impact of contract signature on recruiting and construction permit | Owner: Giulia Rinaldi | Due Date: 05 Oct 2026
• Handling company discussion on customs and merchandise flow | Owner: Elena Conti | Due Date: 06 Oct 2026
• Salesforce users for store team | Owner: Chiara De Luca | Due Date: 08 Oct 2026
• Job offers to selected candidates | Owner: Nicoletta Bisaro | Due Date: 10 Oct 2026
• Indirect materials orders (packaging, shopping bags, consumables) | Owner: Sara Lombardi | Due Date: 10 Oct 2026
• Contractor access pass process | Owner: Alessandro Riva | Due Date: 12 Oct 2026

BLOCKERS / DECISIONS REQUIRED
• BLOCKER – Hardware purchase (POS, back-office PCs, printers): Awaiting budget release for hardware PO | Owner: Stefano Galli
• BLOCKER – Salesforce users for store team: Waiting for Retail ticket to be raised | Owner: Chiara De Luca
• BLOCKER – Indirect materials orders (packaging, shopping bags, consumables): Orders waiting for customer code from Finance | Owner: Sara Lombardi
• DECISION – Job offers to selected candidates: Authorize job offers before concession contract signature? | Owner: Nicoletta Bisaro
• DECISION – Travel products and assortment coordination: Confirm travel-exclusive capsule quantities with Merchandising | Owner: Matteo Greco","AMSTERDAM AIRPORT
Opening Store: 05 Mar 2027
Last SAL: 14 Sep 2026
Current SAL: 21 Sep 2026
Overall completion: 33% · Days to opening: 165

1. CORPORATE / LEGAL
• Change of local company representative / authorized signatory: progressed to 60% (from 40%) → In Progress | Owner: Marco Ferri

2. CONTRACT
• Assess impact of contract signature on recruiting and construction permit: started; progressed to 30% (from 0%) → In Progress | Owner: Giulia Rinaldi
• Landlord fit-out guidelines sign-off: completed → Completed | Owner: Alessandro Riva
• Concession contract review and signature – Schiphol: progressed to 80% (from 65%) → In Progress | Owner: Giulia Rinaldi

3. IT
SAP
• Store master data set-up in SAP (plant, storage locations): completed → Completed | Owner: Andrea Colombo
• Set-up and testing of flows (sales, replenishment, returns): progressed to 35% (from 20%) → In Progress | Owner: Andrea Colombo

POS
• POS integration with airport systems (sales reporting to Schiphol): progressed to 40% (from 25%) → In Progress | Owner: Francesca Moretti

Connectivity
• Internet line activation: progressed to 30% (from 10%). Update: Airport representatives contacted for internet activation → In Progress | Owner: Stefano Galli

4. FINANCE & ADMINISTRATION
• Identify local auditors for statutory requirements: progressed to 50% (from 20%) → In Progress | Owner: Paolo Marchetti

5. LOGISTICS & CUSTOMS
• Customs warehouse (bonded) authorization: progressed to 25% (from 10%) → In Progress | Owner: Elena Conti

6. HR
• Recruiting store team (Store Manager + 8 Sales Associates): overdue by 1 day (due 20 Sep) → In Progress | Owner: Nicoletta Bisaro
• Job offers to selected candidates: decision required: authorize job offers before concession contract signature? → On Hold | Owner: Nicoletta Bisaro

7. STORE PLANNING
• Construction permit submission to Schiphol: progressed to 70% (from 40%). Update: Permit file ready; submission subject to contract signature → In Progress | Owner: Alessandro Riva

8. INDIRECT MATERIALS
• Indirect materials orders (packaging, shopping bags, consumables): blocked – orders waiting for customer code from Finance → Blocked | Owner: Sara Lombardi
• Store consumables list: completed → Completed | Owner: Sara Lombardi

9. ALLOCATION & REPLENISHMENT
• Travel products and assortment coordination: decision required: confirm travel-exclusive capsule quantities with Merchandising → In Progress | Owner: Matteo Greco

10. RETAIL
• Travel concept definition: progressed to 60% (from 50%) → In Progress | Owner: Martina Ricci

NEXT STEPS / OPEN POINTS
• Recruiting store team (Store Manager + 8 Sales Associates) | Owner: Nicoletta Bisaro | Due Date: 20 Sep 2026 (overdue +1d)
• Payment terminals (PSP) contract for the Netherlands | Owner: Francesca Moretti | Due Date: 22 Sep 2026
• Handling company meeting to clarify customs and transport flows | Owner: Andrea Colombo | Due Date: 23 Sep 2026
• Airport IT integration requirements (network security, VLAN, firewall) | Owner: Luca Bernardi | Due Date: 24 Sep 2026
• Local bank account and cash-in-transit service | Owner: Paolo Marchetti | Due Date: 25 Sep 2026
• Meeting with airport representatives on compliance and labelling | Owner: Davide Fontana | Due Date: 25 Sep 2026
• Identify local auditors for statutory requirements | Owner: Paolo Marchetti | Due Date: 26 Sep 2026
• Concession contract review and signature – Schiphol | Owner: Giulia Rinaldi | Due Date: 30 Sep 2026
• Check additional documentation required for hardware shipment | Owner: Stefano Galli | Due Date: 01 Oct 2026
• Construction permit submission to Schiphol | Owner: Alessandro Riva | Due Date: 02 Oct 2026
• Change of local company representative / authorized signatory | Owner: Marco Ferri | Due Date: 03 Oct 2026
• Country blacklist verification for candidates | Owner: Nicoletta Bisaro | Due Date: 04 Oct 2026
• Assess impact of contract signature on recruiting and construction permit | Owner: Giulia Rinaldi | Due Date: 05 Oct 2026
• Handling company discussion on customs and merchandise flow | Owner: Elena Conti | Due Date: 06 Oct 2026
• Salesforce users for store team | Owner: Chiara De Luca | Due Date: 08 Oct 2026
• Job offers to selected candidates | Owner: Nicoletta Bisaro | Due Date: 10 Oct 2026
• Indirect materials orders (packaging, shopping bags, consumables) | Owner: Sara Lombardi | Due Date: 10 Oct 2026
• Contractor access pass process | Owner: Alessandro Riva | Due Date: 12 Oct 2026

BLOCKERS / DECISIONS REQUIRED
• BLOCKER – Hardware purchase (POS, back-office PCs, printers): Awaiting budget release for hardware PO | Owner: Stefano Galli
• BLOCKER – Salesforce users for store team: Waiting for Retail ticket to be raised | Owner: Chiara De Luca
• BLOCKER – Indirect materials orders (packaging, shopping bags, consumables): Orders waiting for customer code from Finance | Owner: Sara Lombardi
• DECISION – Job offers to selected candidates: Authorize job offers before concession contract signature? | Owner: Nicoletta Bisaro
• DECISION – Travel products and assortment coordination: Confirm travel-exclusive capsule quantities with Merchandising | Owner: Matteo Greco

COMMENTS
Next SAL confirmed for next Monday. Contract signature to be escalated to Retail Director if not signed by 30 Sep.",TRUE,PMO Admin,"{""doc"":{""title"":""AMSTERDAM AIRPORT"",""headerLines"":[""Opening Store: 05 Mar 2027"",""Last SAL: 14 Sep 2026"",""Current SAL: 21 Sep 2026"",""Overall completion: 33% · Days to opening: 165""],""sections"":[{""id"":""smulgc2od46xy0"",""kind"":""area"",""title"":""CORPORATE / LEGAL"",""numbered"":true,""groups"":[{""id"":""gmulgc2od48eei"",""subtitle"":"""",""bullets"":[{""id"":""bmulgc2od47eyj"",""text"":""Change of local company representative / authorized signatory: progressed to 60% (from 40%) → In Progress | Owner: Marco Ferri"",""taskId"":""AMS-CORP-001""}]}]},{""id"":""smulgc2od49feq"",""kind"":""area"",""title"":""CONTRACT"",""numbered"":true,""groups"":[{""id"":""gmulgc2od4ddji"",""subtitle"":"""",""bullets"":[{""id"":""bmulgc2od4a7ln"",""text"":""Assess impact of contract signature on recruiting and construction permit: started; progressed to 30% (from 0%) → In Progress | Owner: Giulia Rinaldi"",""taskId"":""AMS-CON-002""},{""id"":""bmulgc2od4bdop"",""text"":""Landlord fit-out guidelines sign-off: completed → Completed | Owner: Alessandro Riva"",""taskId"":""AMS-CON-003""},{""id"":""bmulgc2od4c0td"",""text"":""Concession contract review and signature – Schiphol: progressed to 80% (from 65%) → In Progress | Owner: Giulia Rinaldi"",""taskId"":""AMS-CON-001""}]}]},{""id"":""smulgc2od4ec5b"",""kind"":""area"",""title"":""IT"",""numbered"":true,""groups"":[{""id"":""gmulgc2od4hxot"",""subtitle"":""SAP"",""bullets"":[{""id"":""bmulgc2od4fvuh"",""text"":""Store master data set-up in SAP (plant, storage locations): completed → Completed | Owner: Andrea Colombo"",""taskId"":""AMS-SAP-001""},{""id"":""bmulgc2od4govt"",""text"":""Set-up and testing of flows (sales, replenishment, returns): progressed to 35% (from 20%) → In Progress | Owner: Andrea Colombo"",""taskId"":""AMS-SAP-002""}]},{""id"":""gmulgc2od4jl5a"",""subtitle"":""POS"",""bullets"":[{""id"":""bmulgc2od4iort"",""text"":""POS integration with airport systems (sales reporting to Schiphol): progressed to 40% (from 25%) → In Progress | Owner: Francesca Moretti"",""taskId"":""AMS-POS-001""}]},{""id"":""gmulgc2od4lwfb"",""subtitle"":""Connectivity"",""bullets"":[{""id"":""bmulgc2od4ke1y"",""text"":""Internet line activation: progressed to 30% (from 10%). Update: Airport representatives contacted for internet activation → In Progress | Owner: Stefano Galli"",""taskId"":""AMS-NET-001""}]}]},{""id"":""smulgc2od4misj"",""kind"":""area"",""title"":""FINANCE & ADMINISTRATION"",""numbered"":true,""groups"":[{""id"":""gmulgc2od4o5lh"",""subtitle"":"""",""bullets"":[{""id"":""bmulgc2od4nrpc"",""text"":""Identify local auditors for statutory requirements: progressed to 50% (from 20%) → In Progress | Owner: Paolo Marchetti"",""taskId"":""AMS-FIN-001""}]}]},{""id"":""smulgc2od4pykz"",""kind"":""area"",""title"":""LOGISTICS & CUSTOMS"",""numbered"":true,""groups"":[{""id"":""gmulgc2od4r7tj"",""subtitle"":"""",""bullets"":[{""id"":""bmulgc2od4qsxf"",""text"":""Customs warehouse (bonded) authorization: progressed to 25% (from 10%) → In Progress | Owner: Elena Conti"",""taskId"":""AMS-LOG-002""}]}]},{""id"":""smulgc2od4szsz"",""kind"":""area"",""title"":""HR"",""numbered"":true,""groups"":[{""id"":""gmulgc2od4vo40"",""subtitle"":"""",""bullets"":[{""id"":""bmulgc2od4tdud"",""text"":""Recruiting store team (Store Manager + 8 Sales Associates): overdue by 1 day (due 20 Sep) → In Progress | Owner: Nicoletta Bisaro"",""taskId"":""AMS-HR-002""},{""id"":""bmulgc2od4u69a"",""text"":""Job offers to selected candidates: decision required: authorize job offers before concession contract signature? → On Hold | Owner: Nicoletta Bisaro"",""taskId"":""AMS-HR-004""}]}]},{""id"":""smulgc2od4wrh7"",""kind"":""area"",""title"":""STORE PLANNING"",""numbered"":true,""groups"":[{""id"":""gmulgc2od4ye1v"",""subtitle"":"""",""bullets"":[{""id"":""bmulgc2od4xx4d"",""text"":""Construction permit submission to Schiphol: progressed to 70% (from 40%). Update: Permit file ready; submission subject to contract signature → In Progress | Owner: Alessandro Riva"",""taskId"":""AMS-SP-002""}]}]},{""id"":""smulgc2od4zfjv"",""kind"":""area"",""title"":""INDIRECT MATERIALS"",""numbered"":true,""groups"":[{""id"":""gmulgc2od52rvr"",""subtitle"":"""",""bullets"":[{""id"":""bmulgc2od504q3"",""text"":""Indirect materials orders (packaging, shopping bags, consumables): blocked – orders waiting for customer code from Finance → Blocked | Owner: Sara Lombardi"",""taskId"":""AMS-IM-001""},{""id"":""bmulgc2od516ku"",""text"":""Store consumables list: completed → Completed | Owner: Sara Lombardi"",""taskId"":""AMS-IM-002""}]}]},{""id"":""smulgc2od530nf"",""kind"":""area"",""title"":""ALLOCATION & REPLENISHMENT"",""numbered"":true,""groups"":[{""id"":""gmulgc2od55gj0"",""subtitle"":"""",""bullets"":[{""id"":""bmulgc2od54amm"",""text"":""Travel products and assortment coordination: decision required: confirm travel-exclusive capsule quantities with Merchandising → In Progress | Owner: Matteo Greco"",""taskId"":""AMS-AR-001""}]}]},{""id"":""smulgc2od567n7"",""kind"":""area"",""title"":""RETAIL"",""numbered"":true,""groups"":[{""id"":""gmulgc2od58zg5"",""subtitle"":"""",""bullets"":[{""id"":""bmulgc2od57e55"",""text"":""Travel concept definition: progressed to 60% (from 50%) → In Progress | Owner: Martina Ricci"",""taskId"":""AMS-RET-001""}]}]},{""id"":""smulgc2od592nv"",""kind"":""next"",""title"":""NEXT STEPS / OPEN POINTS"",""numbered"":false,""groups"":[{""id"":""gmulgc2od5sqty"",""subtitle"":"""",""bullets"":[{""id"":""bmulgc2od5ajhi"",""text"":""Recruiting store team (Store Manager + 8 Sales Associates) | Owner: Nicoletta Bisaro | Due Date: 20 Sep 2026 (overdue +1d)"",""taskId"":""AMS-HR-002""},{""id"":""bmulgc2od5bv6c"",""text"":""Payment terminals (PSP) contract for the Netherlands | Owner: Francesca Moretti | Due Date: 22 Sep 2026"",""taskId"":""AMS-POS-003""},{""id"":""bmulgc2od5cij9"",""text"":""Handling company meeting to clarify customs and transport flows | Owner: Andrea Colombo | Due Date: 23 Sep 2026"",""taskId"":""AMS-ERP-001""},{""id"":""bmulgc2od5d4cx"",""text"":""Airport IT integration requirements (network security, VLAN, firewall) | Owner: Luca Bernardi | Due Date: 24 Sep 2026"",""taskId"":""AMS-IT-002""},{""id"":""bmulgc2od5ehmn"",""text"":""Local bank account and cash-in-transit service | Owner: Paolo Marchetti | Due Date: 25 Sep 2026"",""taskId"":""AMS-FIN-002""},{""id"":""bmulgc2od5fb19"",""text"":""Meeting with airport representatives on compliance and labelling | Owner: Davide Fontana | Due Date: 25 Sep 2026"",""taskId"":""AMS-CMP-001""},{""id"":""bmulgc2od5g5ci"",""text"":""Identify local auditors for statutory requirements | Owner: Paolo Marchetti | Due Date: 26 Sep 2026"",""taskId"":""AMS-FIN-001""},{""id"":""bmulgc2od5ha3k"",""text"":""Concession contract review and signature – Schiphol | Owner: Giulia Rinaldi | Due Date: 30 Sep 2026"",""taskId"":""AMS-CON-001""},{""id"":""bmulgc2od5iq5i"",""text"":""Check additional documentation required for hardware shipment | Owner: Stefano Galli | Due Date: 01 Oct 2026"",""taskId"":""AMS-ITH-002""},{""id"":""bmulgc2od5j8oj"",""text"":""Construction permit submission to Schiphol | Owner: Alessandro Riva | Due Date: 02 Oct 2026"",""taskId"":""AMS-SP-002""},{""id"":""bmulgc2od5kbhk"",""text"":""Change of local company representative / authorized signatory | Owner: Marco Ferri | Due Date: 03 Oct 2026"",""taskId"":""AMS-CORP-001""},{""id"":""bmulgc2od5lfbk"",""text"":""Country blacklist verification for candidates | Owner: Nicoletta Bisaro | Due Date: 04 Oct 2026"",""taskId"":""AMS-HR-005""},{""id"":""bmulgc2od5mqdj"",""text"":""Assess impact of contract signature on recruiting and construction permit | Owner: Giulia Rinaldi | Due Date: 05 Oct 2026"",""taskId"":""AMS-CON-002""},{""id"":""bmulgc2od5nu7p"",""text"":""Handling company discussion on customs and merchandise flow | Owner: Elena Conti | Due Date: 06 Oct 2026"",""taskId"":""AMS-LOG-001""},{""id"":""bmulgc2od5ouxt"",""text"":""Salesforce users for store team | Owner: Chiara De Luca | Due Date: 08 Oct 2026"",""taskId"":""AMS-CRM-001""},{""id"":""bmulgc2od5pjnl"",""text"":""Job offers to selected candidates | Owner: Nicoletta Bisaro | Due Date: 10 Oct 2026"",""taskId"":""AMS-HR-004""},{""id"":""bmulgc2od5q8m5"",""text"":""Indirect materials orders (packaging, shopping bags, consumables) | Owner: Sara Lombardi | Due Date: 10 Oct 2026"",""taskId"":""AMS-IM-001""},{""id"":""bmulgc2od5r1k7"",""text"":""Contractor access pass process | Owner: Alessandro Riva | Due Date: 12 Oct 2026"",""taskId"":""AMS-SP-004""}]}]},{""id"":""smulgc2od5y52k"",""kind"":""blockers"",""title"":""BLOCKERS / DECISIONS REQUIRED"",""numbered"":false,""groups"":[{""id"":""gmulgc2od5zrjt"",""subtitle"":"""",""bullets"":[{""id"":""bmulgc2od5tpg9"",""text"":""BLOCKER – Hardware purchase (POS, back-office PCs, printers): Awaiting budget release for hardware PO | Owner: Stefano Galli"",""taskId"":""AMS-ITH-001""},{""id"":""bmulgc2od5u8rb"",""text"":""BLOCKER – Salesforce users for store team: Waiting for Retail ticket to be raised | Owner: Chiara De Luca"",""taskId"":""AMS-CRM-001""},{""id"":""bmulgc2od5vvo0"",""text"":""BLOCKER – Indirect materials orders (packaging, shopping bags, consumables): Orders waiting for customer code from Finance | Owner: Sara Lombardi"",""taskId"":""AMS-IM-001""},{""id"":""bmulgc2od5w5e6"",""text"":""DECISION – Job offers to selected candidates: Authorize job offers before concession contract signature? | Owner: Nicoletta Bisaro"",""taskId"":""AMS-HR-004""},{""id"":""bmulgc2od5xrrz"",""text"":""DECISION – Travel products and assortment coordination: Confirm travel-exclusive capsule quantities with Merchandising | Owner: Matteo Greco"",""taskId"":""AMS-AR-001""}]}]}],""comments"":""Next SAL confirmed for next Monday. Contract signature to be escalated to Retail Director if not signed by 30 Sep."",""templateId"":""standard""},""included"":[{""taskId"":""AMS-CORP-001"",""area"":""CORP"",""signals"":[""progress""]},{""taskId"":""AMS-CON-002"",""area"":""CON"",""signals"":[""status"",""progress""]},{""taskId"":""AMS-CON-003"",""area"":""CON"",""signals"":[""completed""]},{""taskId"":""AMS-CON-001"",""area"":""CON"",""signals"":[""progress""]},{""taskId"":""AMS-SAP-001"",""area"":""SAP"",""signals"":[""completed""]},{""taskId"":""AMS-SAP-002"",""area"":""SAP"",""signals"":[""progress""]},{""taskId"":""AMS-POS-001"",""area"":""POS"",""signals"":[""progress""]},{""taskId"":""AMS-NET-001"",""area"":""NET"",""signals"":[""progress"",""note""]},{""taskId"":""AMS-FIN-001"",""area"":""FIN"",""signals"":[""progress""]},{""taskId"":""AMS-LOG-002"",""area"":""LOG"",""signals"":[""progress""]},{""taskId"":""AMS-HR-002"",""area"":""HR"",""signals"":[""overdue""]},{""taskId"":""AMS-HR-004"",""area"":""HR"",""signals"":[""newDecision""]},{""taskId"":""AMS-SP-002"",""area"":""SP"",""signals"":[""progress"",""note""]},{""taskId"":""AMS-IM-001"",""area"":""IM"",""signals"":[""newBlocker""]},{""taskId"":""AMS-IM-002"",""area"":""IM"",""signals"":[""completed""]},{""taskId"":""AMS-AR-001"",""area"":""AR"",""signals"":[""newDecision""]},{""taskId"":""AMS-RET-001"",""area"":""RET"",""signals"":[""progress""]}]}","{""kpis"":{""progress"":33,""daysToOpening"":165,""open"":43,""completed"":8,""blocked"":3,""overdue"":1,""dueSoon"":12,""decisions"":2},""store"":{""Opening_Date"":""2027-03-05"",""Opening_Date_Status"":""Confirmed"",""Risk_Level"":""Medium"",""Overall_Status"":""In Progress""},""areas"":[{""id"":""CORP"",""name"":""Corporate / Legal"",""progress"":53,""status"":""In Progress"",""tasks"":3,""overdue"":0,""blocked"":0},{""id"":""CON"",""name"":""Contract"",""progress"":70,""status"":""In Progress"",""tasks"":3,""overdue"":0,""blocked"":0},{""id"":""IT"",""name"":""IT"",""progress"":70,""status"":""In Progress"",""tasks"":2,""overdue"":0,""blocked"":0},{""id"":""SAP"",""name"":""SAP"",""progress"":45,""status"":""In Progress"",""tasks"":3,""overdue"":0,""blocked"":0},{""id"":""ERP"",""name"":""ERP"",""progress"":15,""status"":""In Progress"",""tasks"":2,""overdue"":0,""blocked"":0},{""id"":""POS"",""name"":""POS"",""progress"":30,""status"":""In Progress"",""tasks"":3,""overdue"":0,""blocked"":0},{""id"":""ITH"",""name"":""IT Hardware"",""progress"":15,""status"":""Blocked"",""tasks"":2,""overdue"":0,""blocked"":1},{""id"":""CRM"",""name"":""CRM"",""progress"":0,""status"":""Blocked"",""tasks"":2,""overdue"":0,""blocked"":1},{""id"":""NET"",""name"":""Connectivity"",""progress"":15,""status"":""In Progress"",""tasks"":2,""overdue"":0,""blocked"":0},{""id"":""TEL"",""name"":""Telephony"",""progress"":0,""status"":""In Progress"",""tasks"":2,""overdue"":0,""blocked"":0},{""id"":""FIN"",""name"":""Finance & Administration"",""progress"":73,""status"":""In Progress"",""tasks"":3,""overdue"":0,""blocked"":0},{""id"":""LOG"",""name"":""Logistics & Customs"",""progress"":22,""status"":""In Progress"",""tasks"":3,""overdue"":0,""blocked"":0},{""id"":""CMP"",""name"":""Compliance & Labelling"",""progress"":0,""status"":""Not Started"",""tasks"":2,""overdue"":0,""blocked"":0},{""id"":""HR"",""name"":""HR"",""progress"":27,""status"":""In Progress"",""tasks"":6,""overdue"":1,""blocked"":0},{""id"":""SP"",""name"":""Store Planning"",""progress"":40,""status"":""In Progress"",""tasks"":5,""overdue"":0,""blocked"":0},{""id"":""IM"",""name"":""Indirect Materials"",""progress"":60,""status"":""Blocked"",""tasks"":2,""overdue"":0,""blocked"":1},{""id"":""AR"",""name"":""Allocation & Replenishment"",""progress"":10,""status"":""In Progress"",""tasks"":2,""overdue"":0,""blocked"":0},{""id"":""GS"",""name"":""General Services"",""progress"":10,""status"":""In Progress"",""tasks"":2,""overdue"":0,""blocked"":0},{""id"":""RET"",""name"":""Retail"",""progress"":30,""status"":""In Progress"",""tasks"":3,""overdue"":0,""blocked"":0}],""tasks"":{""AMS-CORP-001"":{""t"":""Change of local company representative / authorized signatory"",""a"":""CORP"",""s"":""In Progress"",""p"":60,""d"":""2026-10-03"",""o"":""Marco Ferri"",""r"":""Medium"",""pr"":""High"",""b"":"""",""dr"":""""},""AMS-CORP-002"":{""t"":""Power of attorney for Store Manager (local operations)"",""a"":""CORP"",""s"":""Not Started"",""p"":0,""d"":""2026-11-27"",""o"":""Marco Ferri"",""r"":""Low"",""pr"":""Medium"",""b"":"""",""dr"":""""},""AMS-CORP-003"":{""t"":""Local VAT and EORI registration check"",""a"":""CORP"",""s"":""Completed"",""p"":100,""d"":""2026-09-13"",""o"":""Roberto Villa"",""r"":""Low"",""pr"":""Medium"",""b"":"""",""dr"":""""},""AMS-CON-001"":{""t"":""Concession contract review and signature – Schiphol"",""a"":""CON"",""s"":""In Progress"",""p"":80,""d"":""2026-09-30"",""o"":""Giulia Rinaldi"",""r"":""High"",""pr"":""High"",""b"":"""",""dr"":""""},""AMS-CON-002"":{""t"":""Assess impact of contract signature on recruiting and construction permit"",""a"":""CON"",""s"":""In Progress"",""p"":30,""d"":""2026-10-05"",""o"":""Giulia Rinaldi"",""r"":""Medium"",""pr"":""Medium"",""b"":"""",""dr"":""""},""AMS-CON-003"":{""t"":""Landlord fit-out guidelines sign-off"",""a"":""CON"",""s"":""Completed"",""p"":100,""d"":""2026-09-16"",""o"":""Alessandro Riva"",""r"":""Low"",""pr"":""Medium"",""b"":"""",""dr"":""""},""AMS-IT-001"":{""t"":""IT project kick-off with Schiphol IT"",""a"":""IT"",""s"":""Completed"",""p"":100,""d"":""2026-08-29"",""o"":""Luca Bernardi"",""r"":""Low"",""pr"":""Medium"",""b"":"""",""dr"":""""},""AMS-IT-002"":{""t"":""Airport IT integration requirements (network security, VLAN, firewall)"",""a"":""IT"",""s"":""In Progress"",""p"":40,""d"":""2026-09-24"",""o"":""Luca Bernardi"",""r"":""Medium"",""pr"":""High"",""b"":"""",""dr"":""""},""AMS-SAP-001"":{""t"":""Store master data set-up in SAP (plant, storage locations)"",""a"":""SAP"",""s"":""Completed"",""p"":100,""d"":""2026-09-14"",""o"":""Andrea Colombo"",""r"":""Low"",""pr"":""Medium"",""b"":"""",""dr"":""""},""AMS-SAP-002"":{""t"":""Set-up and testing of flows (sales, replenishment, returns)"",""a"":""SAP"",""s"":""In Progress"",""p"":35,""d"":""2026-10-18"",""o"":""Andrea Colombo"",""r"":""Low"",""pr"":""Medium"",""b"":"""",""dr"":""""},""AMS-SAP-003"":{""t"":""Duty-free pricing conditions and tax codes in SAP"",""a"":""SAP"",""s"":""Not Started"",""p"":0,""d"":""2026-11-07"",""o"":""Andrea Colombo"",""r"":""Low"",""pr"":""Medium"",""b"":"""",""dr"":""""},""AMS-ERP-001"":{""t"":""Handling company meeting to clarify customs and transport flows"",""a"":""ERP"",""s"":""In Progress"",""p"":30,""d"":""2026-09-23"",""o"":""Andrea Colombo"",""r"":""Low"",""pr"":""Medium"",""b"":"""",""dr"":""""},""AMS-ERP-002"":{""t"":""Bonded-stock flow configuration (airside)"",""a"":""ERP"",""s"":""Not Started"",""p"":0,""d"":""2026-11-02"",""o"":""Andrea Colombo"",""r"":""Low"",""pr"":""Medium"",""b"":"""",""dr"":""""},""AMS-POS-001"":{""t"":""POS integration with airport systems (sales reporting to Schiphol)"",""a"":""POS"",""s"":""In Progress"",""p"":40,""d"":""2026-10-28"",""o"":""Francesca Moretti"",""r"":""High"",""pr"":""High"",""b"":"""",""dr"":""""},""AMS-POS-002"":{""t"":""Boarding-pass scanning integration"",""a"":""POS"",""s"":""Not Started"",""p"":0,""d"":""2026-12-12"",""o"":""Francesca Moretti"",""r"":""Medium"",""pr"":""Medium"",""b"":"""",""dr"":""""},""AMS-POS-003"":{""t"":""Payment terminals (PSP) contract for the Netherlands"",""a"":""POS"",""s"":""In Progress"",""p"":50,""d"":""2026-09-22"",""o"":""Francesca Moretti"",""r"":""Medium"",""pr"":""Medium"",""b"":"""",""dr"":""""},""AMS-ITH-001"":{""t"":""Hardware purchase (POS, back-office PCs, printers)"",""a"":""ITH"",""s"":""On Hold"",""p"":10,""d"":""2026-10-23"",""o"":""Stefano Galli"",""r"":""Low"",""pr"":""Medium"",""b"":""Awaiting budget release for hardware PO"",""dr"":""""},""AMS-ITH-002"":{""t"":""Check additional documentation required for hardware shipment"",""a"":""ITH"",""s"":""In Progress"",""p"":20,""d"":""2026-10-01"",""o"":""Stefano Galli"",""r"":""Medium"",""pr"":""Medium"",""b"":"""",""dr"":""""},""AMS-CRM-001"":{""t"":""Salesforce users for store team"",""a"":""CRM"",""s"":""On Hold"",""p"":0,""d"":""2026-10-08"",""o"":""Chiara De Luca"",""r"":""Medium"",""pr"":""Medium"",""b"":""Waiting for Retail ticket to be raised"",""dr"":""""},""AMS-CRM-002"":{""t"":""Customer journey set-up (travel retail)"",""a"":""CRM"",""s"":""On Hold"",""p"":0,""d"":""2026-11-17"",""o"":""Chiara De Luca"",""r"":""Low"",""pr"":""Medium"",""b"":"""",""dr"":""""},""AMS-NET-001"":{""t"":""Internet line activation"",""a"":""NET"",""s"":""In Progress"",""p"":30,""d"":""2026-10-23"",""o"":""Stefano Galli"",""r"":""Low"",""pr"":""Medium"",""b"":"""",""dr"":""""},""AMS-NET-002"":{""t"":""In-store network and Wi-Fi design"",""a"":""NET"",""s"":""Not Started"",""p"":0,""d"":""2026-12-07"",""o"":""Stefano Galli"",""r"":""Low"",""pr"":""Medium"",""b"":"""",""dr"":""""},""AMS-TEL-001"":{""t"":""Order Apple devices for store team"",""a"":""TEL"",""s"":""On Hold"",""p"":0,""d"":""2026-11-12"",""o"":""Stefano Galli"",""r"":""Low"",""pr"":""Medium"",""b"":"""",""dr"":""""},""AMS-TEL-002"":{""t"":""SIM activation coordinated with Store Manager"",""a"":""TEL"",""s"":""Not Started"",""p"":0,""d"":""2027-01-06"",""o"":""Stefano Galli"",""r"":""Low"",""pr"":""Medium"",""b"":"""",""dr"":""""},""AMS-FIN-001"":{""t"":""Identify local auditors for statutory requirements"",""a"":""FIN"",""s"":""In Progress"",""p"":50,""d"":""2026-09-26"",""o"":""Paolo Marchetti"",""r"":""Medium"",""pr"":""Medium"",""b"":"""",""dr"":""""},""AMS-FIN-002"":{""t"":""Local bank account and cash-in-transit service"",""a"":""FIN"",""s"":""In Progress"",""p"":70,""d"":""2026-09-25"",""o"":""Paolo Marchetti"",""r"":""Low"",""pr"":""Medium"",""b"":"""",""dr"":""""},""AMS-FIN-003"":{""t"":""Store budget and capex approval"",""a"":""FIN"",""s"":""Completed"",""p"":100,""d"":""2026-08-31"",""o"":""Paolo Marchetti"",""r"":""Low"",""pr"":""Medium"",""b"":"""",""dr"":""""},""AMS-LOG-001"":{""t"":""Handling company discussion on customs and merchandise flow"",""a"":""LOG"",""s"":""In Progress"",""p"":40,""d"":""2026-10-06"",""o"":""Elena Conti"",""r"":""Medium"",""pr"":""Medium"",""b"":"""",""dr"":""""},""AMS-LOG-002"":{""t"":""Customs warehouse (bonded) authorization"",""a"":""LOG"",""s"":""In Progress"",""p"":25,""d"":""2026-11-07"",""o"":""Elena Conti"",""r"":""High"",""pr"":""High"",""b"":"""",""dr"":""""},""AMS-LOG-003"":{""t"":""First merchandise shipment planning"",""a"":""LOG"",""s"":""Not Started"",""p"":0,""d"":""2027-01-26"",""o"":""Elena Conti"",""r"":""Low"",""pr"":""Medium"",""b"":"""",""dr"":""""},""AMS-CMP-001"":{""t"":""Meeting with airport representatives on compliance and labelling"",""a"":""CMP"",""s"":""Not Started"",""p"":0,""d"":""2026-09-25"",""o"":""Davide Fontana"",""r"":""Medium"",""pr"":""Medium"",""b"":"""",""dr"":""""},""AMS-CMP-002"":{""t"":""Product labelling requirements check (NL/EN)"",""a"":""CMP"",""s"":""Not Started"",""p"":0,""d"":""2026-11-17"",""o"":""Davide Fontana"",""r"":""Low"",""pr"":""Medium"",""b"":"""",""dr"":""""},""AMS-HR-001"":{""t"":""Define store organization chart"",""a"":""HR"",""s"":""Completed"",""p"":100,""d"":""2026-09-08"",""o"":""Nicoletta Bisaro"",""r"":""Low"",""pr"":""Medium"",""b"":"""",""dr"":""""},""AMS-HR-002"":{""t"":""Recruiting store team (Store Manager + 8 Sales Associates)"",""a"":""HR"",""s"":""In Progress"",""p"":40,""d"":""2026-09-20"",""o"":""Nicoletta Bisaro"",""r"":""Medium"",""pr"":""High"",""b"":"""",""dr"":""""},""AMS-HR-003"":{""t"":""Airport access passes for store staff"",""a"":""HR"",""s"":""Not Started"",""p"":0,""d"":""2026-11-07"",""o"":""Nicoletta Bisaro"",""r"":""High"",""pr"":""High"",""b"":"""",""dr"":""""},""AMS-HR-004"":{""t"":""Job offers to selected candidates"",""a"":""HR"",""s"":""On Hold"",""p"":0,""d"":""2026-10-10"",""o"":""Nicoletta Bisaro"",""r"":""High"",""pr"":""Medium"",""b"":"""",""dr"":""Authorize job offers before concession contract signature?""},""AMS-HR-005"":{""t"":""Country blacklist verification for candidates"",""a"":""HR"",""s"":""In Progress"",""p"":20,""d"":""2026-10-04"",""o"":""Nicoletta Bisaro"",""r"":""Medium"",""pr"":""Medium"",""b"":"""",""dr"":""""},""AMS-HR-006"":{""t"":""Training plan and onboarding at Milan HQ"",""a"":""HR"",""s"":""Not Started"",""p"":0,""d"":""2027-01-16"",""o"":""Nicoletta Bisaro"",""r"":""Low"",""pr"":""Medium"",""b"":"""",""dr"":""""},""AMS-SP-001"":{""t"":""Store design final approval"",""a"":""SP"",""s"":""Completed"",""p"":100,""d"":""2026-09-03"",""o"":""Alessandro Riva"",""r"":""Low"",""pr"":""Medium"",""b"":"""",""dr"":""""},""AMS-SP-002"":{""t"":""Construction permit submission to Schiphol"",""a"":""SP"",""s"":""In Progress"",""p"":70,""d"":""2026-10-02"",""o"":""Alessandro Riva"",""r"":""High"",""pr"":""High"",""b"":"""",""dr"":""""},""AMS-SP-003"":{""t"":""Construction start on site"",""a"":""SP"",""s"":""Not Started"",""p"":0,""d"":""2027-01-06"",""o"":""Alessandro Riva"",""r"":""Medium"",""pr"":""High"",""b"":"""",""dr"":""""},""AMS-SP-004"":{""t"":""Contractor access pass process"",""a"":""SP"",""s"":""In Progress"",""p"":30,""d"":""2026-10-12"",""o"":""Alessandro Riva"",""r"":""Medium"",""pr"":""Medium"",""b"":"""",""dr"":""""},""AMS-SP-005"":{""t"":""Furniture production and delivery"",""a"":""SP"",""s"":""Not Started"",""p"":0,""d"":""2027-02-05"",""o"":""Alessandro Riva"",""r"":""Medium"",""pr"":""Medium"",""b"":"""",""dr"":""""},""AMS-IM-001"":{""t"":""Indirect materials orders (packaging, shopping bags, consumables)"",""a"":""IM"",""s"":""Blocked"",""p"":20,""d"":""2026-10-10"",""o"":""Sara Lombardi"",""r"":""Low"",""pr"":""Medium"",""b"":""Orders waiting for customer code from Finance"",""dr"":""""},""AMS-IM-002"":{""t"":""Store consumables list"",""a"":""IM"",""s"":""Completed"",""p"":100,""d"":""2026-09-19"",""o"":""Sara Lombardi"",""r"":""Low"",""pr"":""Medium"",""b"":"""",""dr"":""""},""AMS-AR-001"":{""t"":""Travel products and assortment coordination"",""a"":""AR"",""s"":""In Progress"",""p"":20,""d"":""2026-10-28"",""o"":""Matteo Greco"",""r"":""Medium"",""pr"":""Medium"",""b"":"""",""dr"":""Confirm travel-exclusive capsule quantities with Merchandising""},""AMS-AR-002"":{""t"":""Opening allocation plan"",""a"":""AR"",""s"":""Not Started"",""p"":0,""d"":""2027-01-16"",""o"":""Matteo Greco"",""r"":""Low"",""pr"":""Medium"",""b"":"""",""dr"":""""},""AMS-GS-001"":{""t"":""Cleaning and maintenance supplier discussions"",""a"":""GS"",""s"":""In Progress"",""p"":20,""d"":""2026-10-18"",""o"":""Valentina Costa"",""r"":""Low"",""pr"":""Medium"",""b"":"""",""dr"":""""},""AMS-GS-002"":{""t"":""Security and alarm service"",""a"":""GS"",""s"":""Not Started"",""p"":0,""d"":""2026-12-17"",""o"":""Valentina Costa"",""r"":""Low"",""pr"":""Medium"",""b"":"""",""dr"":""""},""AMS-RET-001"":{""t"":""Travel concept definition"",""a"":""RET"",""s"":""In Progress"",""p"":60,""d"":""2026-10-13"",""o"":""Martina Ricci"",""r"":""Medium"",""pr"":""High"",""b"":"""",""dr"":""""},""AMS-RET-002"":{""t"":""Store Manager onboarding and opening plan"",""a"":""RET"",""s"":""Not Started"",""p"":0,""d"":""2027-02-05"",""o"":""Federico Mancini"",""r"":""Low"",""pr"":""Medium"",""b"":"""",""dr"":""""},""AMS-RET-003"":{""t"":""Opening event and PR activation"",""a"":""RET"",""s"":""N/A"",""p"":0,""d"":""2027-02-25"",""o"":""Martina Ricci"",""r"":""Low"",""pr"":""Medium"",""b"":"""",""dr"":""""}}}"
